id 	description 	genome_fraction 	observed_region_hits 	fold_enrichment 	p_value 	p_adjust 	mean_tss_dist 	observed_gene_hits 	gene_set_size 	fold_enrichment_hyper 	p_value_hyper 	p_adjust_hyper
GO:0000785 	chromatin 	0.137879402318896 	115 	2.92653409532894 	0 	0 	373801 	67 	1357 	3.38760708759721 	0 	0
GO:0032993 	protein-DNA complex 	0.142599365495035 	115 	2.82966737284588 	0 	0 	370959 	68 	1422 	3.28100879164431 	0 	0
GO:0005694 	chromosome 	0.173888827720159 	119 	2.40121153913971 	0 	0 	366579 	71 	1926 	2.52929883347072 	1.23345778035855e-13 	7.48297720084186e-12
GO:0034399 	nuclear periphery 	0.0130188377673916 	26 	7.00738973827128 	1.87627691161651e-14 	8.14977714943173e-13 	460770 	9 	150 	4.11670103092784 	0.000362609479804821 	0.00659949253244774
GO:0016363 	nuclear matrix 	0.0120317155242345 	25 	7.29067256194086 	2.55351295663786e-14 	8.14977714943173e-13 	473790 	8 	127 	4.3219958329951 	0.000554616837636579 	0.00894105957377108
GO:0005634 	nucleus 	0.528813756493942 	213 	1.41329232054725 	2.68673971959288e-14 	8.14977714943173e-13 	348210 	156 	7692 	1.39150060847795 	1.0705534636557e-07 	4.87101825963343e-06
GO:0031981 	nuclear lumen 	0.339161294474184 	151 	1.56216104265352 	3.0897950864528e-11 	8.03346722477727e-10 	361020 	90 	4512 	1.36858411932441 	0.000589520411457434 	0.00894105957377108
GO:0032991 	protein-containing complex 	0.459631158881847 	182 	1.38936727610372 	9.34114785522411e-10 	2.12511113706348e-08 	348316 	129 	6195 	1.428717871912 	1.06862282267528e-06 	3.88978707453802e-05
GO:0005654 	nucleoplasm 	0.316014901689932 	136 	1.5100331658548 	1.04463111494368e-08 	2.11247625466389e-07 	355570 	80 	4140 	1.32582963959028 	0.00336081221905715 	0.035980460227553
GO:0043232 	intracellular non-membrane-bounded organelle 	0.396445102740244 	160 	1.41609394312475 	1.3732794013066e-08 	2.27870921243323e-07 	360244 	109 	5298 	1.41160315959209 	2.58186568089513e-05 	0.000677115080065072
GO:0043228 	non-membrane-bounded organelle 	0.396459466476986 	160 	1.41604263800451 	1.37724183169041e-08 	2.27870921243323e-07 	360244 	109 	5299 	1.41133676911095 	2.60428876948104e-05 	0.000677115080065072
GO:0043231 	intracellular membrane-bounded organelle 	0.732230543953584 	247 	1.18359808099129 	3.13648139682599e-08 	3.88065866729903e-07 	346539 	209 	12196 	1.17578238146922 	7.30682879332978e-05 	0.00147760315598447
GO:0031974 	membrane-enclosed lumen 	0.400720039594378 	160 	1.40098685690938 	3.19834505546623e-08 	3.88065866729903e-07 	352951 	100 	5648 	1.21479610213876 	0.0132244043135863 	0.100285066044696
GO:0043233 	organelle lumen 	0.400720039594378 	160 	1.40098685690938 	3.19834505546623e-08 	3.88065866729903e-07 	352951 	100 	5648 	1.21479610213876 	0.0132244043135863 	0.100285066044696
GO:0070013 	intracellular organelle lumen 	0.400720039594378 	160 	1.40098685690938 	3.19834505546623e-08 	3.88065866729903e-07 	352951 	100 	5648 	1.21479610213876 	0.0132244043135863 	0.100285066044696
GO:0030122 	AP-2 adaptor complex 	0.000790278866158552 	6 	26.6394971198985 	1.4238721068871e-07 	1.61965452158408e-06 	252928 	1 	8 	8.57646048109966 	0.110839044776789 	0.480901637834086
GO:0030128 	clathrin coat of endocytic vesicle 	0.000873401724901713 	6 	24.1041790721406 	2.54372562791261e-07 	2.72328273105938e-06 	252928 	1 	9 	7.62352042764414 	0.123803562161796 	0.480901637834086
GO:0042382 	paraspeckles 	0.000885608994863335 	6 	23.7719260995042 	2.75660779203157e-07 	2.78723676749859e-06 	618862 	1 	8 	8.57646048109966 	0.110839044776789 	0.480901637834086
GO:0005667 	transcription regulator complex 	0.0544306063019912 	38 	2.44960220714013 	3.93905442708231e-07 	3.77319950383674e-06 	377559 	21 	523 	2.75496244899568 	2.99887196705262e-05 	0.000682243372504471
GO:1990316 	Atg1/ULK1 kinase complex 	0.00107012732170996 	6 	19.6730156793934 	8.21203942402704e-07 	7.47295587586461e-06 	252928 	1 	9 	7.62352042764414 	0.123803562161796 	0.480901637834086
GO:0043227 	membrane-bounded organelle 	0.769908677049524 	251 	1.14390418063741 	1.43513185923982e-06 	1.24378094467451e-05 	345537 	217 	13234 	1.12503667788945 	0.00130157984304291 	0.016186619470379
GO:0016604 	nuclear body 	0.0675049508775368 	42 	2.18307574684378 	1.79722661730608e-06 	1.48679656522594e-05 	398462 	16 	833 	1.3178714784883 	0.159756196824487 	0.593324773485626
GO:0043229 	intracellular organelle 	0.767053986834033 	250 	1.14358701931359 	1.89623293556096e-06 	1.50049736640041e-05 	347498 	218 	13312 	1.12359878899022 	0.00133406204426201 	0.016186619470379
GO:0030132 	clathrin coat of coated pit 	0.00127177449653068 	6 	16.5537456808401 	2.20526353733597e-06 	1.67232484914644e-05 	252928 	1 	16 	4.28823024054983 	0.20943030564968 	0.665344127804789
GO:0030904 	retromer complex 	0.00139515707525825 	6 	15.0897930794283 	3.73247703677748e-06 	2.71724328277401e-05 	252928 	1 	21 	3.26722304041892 	0.265436148513689 	0.746191624171116
GO:0005622 	intracellular anatomical structure 	0.819399028668744 	260 	1.11335340882274 	7.48396301075704e-06 	5.23877410752993e-05 	349085 	238 	14936 	1.09330347857617 	0.00275695570759049 	0.0313603711738418
GO:0005575 	cellular_component 	0.916514040248173 	279 	1.06812042743609 	8.42488813890263e-06 	5.67899867140844e-05 	352394 	280 	18459 	1.0407536419992 	0.00586867886593612 	0.0534049776800187
GO:0030119 	AP-type membrane coat adaptor complex 	0.00253053121837933 	7 	9.70602667549868 	1.01261798273189e-05 	6.58201688775728e-05 	253980 	2 	41 	3.3469114072584 	0.119974767463433 	0.480901637834086
GO:0030131 	clathrin adaptor complex 	0.00175573976644358 	6 	11.9907471376533 	1.36089229143543e-05 	8.5407723117672e-05 	252928 	1 	24 	2.85882016036655 	0.297123022355909 	0.772519858125363
GO:0031313 	extrinsic component of endosome membrane 	0.00117265327539784 	5 	14.9608243265008 	2.55361134494647e-05 	0.000154919088260086 	426753 	1 	9 	7.62352042764414 	0.123803562161796 	0.480901637834086
GO:0110165 	cellular anatomical entity 	0.913766673997303 	277 	1.06365208123608 	5.96652817050902e-05 	0.000350292944204078 	353184 	278 	18347 	1.0396276290383 	0.0100218382862438 	0.086855931814113
GO:0043226 	organelle 	0.801579105087276 	253 	1.10746312199463 	7.33697599137884e-05 	0.000415324726383009 	346166 	222 	14090 	1.08103575687956 	0.0168092527192428 	0.122371359796088
GO:0030125 	clathrin vesicle coat 	0.00239472078713708 	6 	8.79126773026266 	7.53061317068093e-05 	0.000415324726383009 	252928 	1 	31 	2.21328012415475 	0.365861456657323 	0.795250459507111
GO:0061695 	transferase complex, transferring phosphorus-containing groups 	0.0240783782396798 	19 	2.76873575134739 	7.83073292019987e-05 	0.000419174526904816 	297431 	10 	322 	2.13079763505582 	0.0201969225037912 	0.138937461326464
GO:1902911 	protein kinase complex 	0.0129288819555813 	12 	3.25668246508493 	0.000404787245870009 	0.0020748899787525 	274758 	5 	151 	2.27191006121845 	0.0704116520284691 	0.388330929369133
GO:1902554 	serine/threonine protein kinase complex 	0.0111023525502708 	11 	3.47642457337826 	0.000410417797995 	0.0020748899787525 	255382 	4 	137 	2.00326084230065 	0.140321767442238 	0.532053368218486
GO:0016514 	SWI/SNF complex 	0.00346018387714647 	6 	6.08425226127259 	0.000532955608384622 	0.00262156542502706 	618862 	1 	30 	2.28705612829324 	0.356468007122443 	0.795250459507111
GO:0031312 	extrinsic component of organelle membrane 	0.00389142106634451 	6 	5.41001120670901 	0.000974342474865608 	0.00466658764277739 	402989 	2 	50 	2.74446735395189 	0.165015544052833 	0.593324773485626
GO:0005776 	autophagosome 	0.0088016271631494 	9 	3.58785333473742 	0.00109164172777398 	0.00509432806294526 	285093 	2 	117 	1.17284929656064 	0.51062149365839 	0.846857727107347
GO:0070603 	SWI/SNF superfamily-type complex 	0.00716252722973752 	8 	3.91903228263541 	0.00117962250131676 	0.00536728238099124 	488003 	2 	99 	1.38609462320803 	0.424359288682741 	0.804514484794362
GO:0030120 	vesicle coat 	0.00413120145002474 	6 	5.09600701723739 	0.00131849746877855 	0.00585284242238281 	252928 	1 	58 	1.18296006635857 	0.573773663917713 	0.883190564670429
GO:0030118 	clathrin coat 	0.00436043914504649 	6 	4.8280989319306 	0.00172768647009991 	0.00748664137043294 	252928 	1 	47 	1.45982306061271 	0.498853881535568 	0.846857727107347
GO:1904949 	ATPase complex 	0.00968375108983653 	9 	3.26102427411258 	0.00208035885837632 	0.00880523981917419 	476255 	3 	156 	1.31945545863072 	0.397769877348778 	0.795250459507111
GO:0016607 	nuclear speck 	0.035111471612748 	20 	1.9986470339515 	0.00291137651954831 	0.0120425119672226 	352609 	7 	417 	1.15175488475199 	0.406364245792095 	0.795250459507111
GO:0010008 	endosome membrane 	0.0434529673146801 	23 	1.85722079234623 	0.00358825208430247 	0.0145124862076233 	323297 	11 	544 	1.38736860723671 	0.172781390080979 	0.593324773485626
GO:0005905 	clathrin-coated pit 	0.00683463228583573 	7 	3.59366861033236 	0.00378999017015125 	0.0149951784992941 	261312 	2 	74 	1.85436983375128 	0.293353093084481 	0.772519858125363
GO:1990234 	transferase complex 	0.0658939684115361 	31 	1.65071147552131 	0.00448767488816992 	0.0173778048861048 	298779 	18 	869 	1.42118562632722 	0.0857948125939868 	0.457167142250558
GO:0030669 	clathrin-coated endocytic vesicle membrane 	0.00716180148590555 	7 	3.42950074183274 	0.00486533351407603 	0.0184477229075383 	227924 	2 	69 	1.98874445938543 	0.266325853544722 	0.746191624171116
GO:0030117 	membrane coat 	0.00722744351772422 	7 	3.39835288211368 	0.00510621606734796 	0.0185866264851466 	253980 	2 	95 	1.44445650207994 	0.404126174440681 	0.795250459507111
GO:0048475 	coated membrane 	0.00722744351772422 	7 	3.39835288211368 	0.00510621606734796 	0.0185866264851466 	253980 	2 	95 	1.44445650207994 	0.404126174440681 	0.795250459507111
GO:0000118 	histone deacetylase complex 	0.00760612555203605 	7 	3.22916093624003 	0.00667495614995817 	0.0238204317508311 	389572 	3 	84 	2.45041728031419 	0.124188884495616 	0.480901637834086
GO:0016605 	PML body 	0.00766332723755377 	7 	3.2050573787858 	0.00693993227879552 	0.0242897629757843 	390868 	3 	104 	1.97918318794607 	0.193886706547946 	0.641588738031386
GO:0140513 	nuclear protein-containing complex 	0.0944706168726203 	40 	1.48565640660762 	0.0076928148708284 	0.0264168359715239 	364901 	25 	1303 	1.31641757192627 	0.0972917493437547 	0.46597627317272
GO:0030665 	clathrin-coated vesicle membrane 	0.0120060656539331 	9 	2.63024943213401 	0.00820336493114038 	0.0276483781012509 	272769 	3 	130 	1.58334655035686 	0.294532643073404 	0.772519858125363
GO:0045334 	clathrin-coated endocytic vesicle 	0.00828977385891298 	7 	2.96285567336243 	0.0103764385673697 	0.0343365785320234 	227924 	2 	87 	1.5772800884781 	0.362698829317254 	0.795250459507111
GO:0005637 	nuclear inner membrane 	0.00498611032341827 	5 	3.51854622364141 	0.0148364960185412 	0.0477426070760997 	569479 	3 	65 	3.16669310071372 	0.0692257551038048 	0.388330929369133
GO:1902494 	catalytic complex 	0.12597995837371 	49 	1.36473949333581 	0.0149523549633939 	0.0477426070760997 	338548 	30 	1755 	1.17284929656064 	0.203994819330223 	0.662983162823224
GO:0090575 	RNA polymerase II transcription regulator complex 	0.0234632099225611 	13 	1.94406627389286 	0.0183466947708844 	0.0575706629017406 	276369 	10 	257 	2.66971532485592 	0.00461108519837949 	0.0441693424265825
GO:0035869 	ciliary transition zone 	0.00543687145139796 	5 	3.22682995284205 	0.0206632534406053 	0.0637408834947484 	380998 	3 	72 	2.85882016036655 	0.0879167581251074 	0.457167142250558
GO:0005657 	replication fork 	0.00607804025614777 	5 	2.8864336052032 	0.0312512620457552 	0.0947954948721242 	267592 	2 	72 	1.90588010691103 	0.28255158595242 	0.772519858125363
GO:0036064 	ciliary basal body 	0.013078520666226 	8 	2.14628061957228 	0.0355076511843853 	0.105940860910789 	448239 	5 	166 	2.06661698339751 	0.0959973351910679 	0.46597627317272
GO:0030136 	clathrin-coated vesicle 	0.0180896739175196 	10 	1.93965460395964 	0.0364002785271776 	0.106852430515263 	250612 	4 	214 	1.28246138035135 	0.379726191745369 	0.795250459507111
GO:0005768 	endosome 	0.0841398617525332 	33 	1.37615478885339 	0.0391512854557151 	0.113103713538733 	332909 	17 	1040 	1.12153713983611 	0.348209981216325 	0.795250459507111
GO:0000228 	nuclear chromosome 	0.0163800617754579 	9 	1.92788939390543 	0.0471329026693168 	0.132058652432339 	221923 	5 	233 	1.47235373066089 	0.253548669749515 	0.745994794733382
GO:0030662 	coated vesicle membrane 	0.0163821624157896 	9 	1.92764218586823 	0.0471638044401212 	0.132058652432339 	272769 	3 	194 	1.06100542034223 	0.5394604701132 	0.861243908426337
GO:0005737 	cytoplasm 	0.727362385725145 	220 	1.06127267468172 	0.0503612043422584 	0.138874836216531 	351217 	176 	12106 	0.997493503831845 	0.546954021768039 	0.865614190972027
GO:0005730 	nucleolus 	0.077510333456065 	30 	1.3580532195027 	0.0551304416348324 	0.149757319067754 	379412 	18 	1004 	1.23008994948043 	0.214439591473715 	0.665344127804789
GO:0030315 	T-tubule 	0.00762107172203145 	5 	2.30202001621451 	0.0687639563543636 	0.18404470671315 	401746 	5 	54 	6.35293368970345 	0.00112097837782632 	0.0156936972895685
GO:0055037 	recycling endosome 	0.0154056985990502 	7 	1.59430637636168 	0.153649584048698 	0.405278612998015 	316977 	4 	197 	1.3931306365238 	0.323567322118388 	0.795250459507111
GO:0030135 	coated vesicle 	0.0243338969161964 	10 	1.44192767065153 	0.160445652919958 	0.417158697591892 	250612 	4 	312 	0.879636972420478 	0.669530023970803 	0.9301867508602
GO:0005635 	nuclear envelope 	0.0428345464261194 	16 	1.31063255155563 	0.166329875873464 	0.426366724070005 	443490 	9 	492 	1.2550917777219 	0.291188281587647 	0.772519858125363
GO:0005829 	cytosol 	0.382232046689247 	117 	1.074023801367 	0.178072808381485 	0.450128487853197 	332401 	71 	5446 	0.894496796412891 	0.881158374897961 	0.999937509995893
GO:0031968 	organelle outer membrane 	0.0194637374457367 	8 	1.44217807689062 	0.194578061703906 	0.485112427809739 	316324 	7 	242 	1.98463548322967 	0.0647921421281532 	0.388330929369133
GO:0005773 	vacuole 	0.0602782290187825 	21 	1.22240171494348 	0.2007772396255 	0.490095819101819 	339954 	11 	855 	0.882723417937742 	0.706166217212929 	0.945016555387891
GO:0031965 	nuclear membrane 	0.0257162213971876 	10 	1.36441970833565 	0.201962562816684 	0.490095819101819 	472456 	7 	312 	1.53936470173584 	0.172154085253677 	0.593324773485626
GO:0019867 	outer membrane 	0.0197736651237197 	8 	1.41957372409046 	0.205788723100324 	0.492809836898145 	316324 	7 	244 	1.96836797926877 	0.0670734885661273 	0.388330929369133
GO:0030659 	cytoplasmic vesicle membrane 	0.0998795458248668 	33 	1.15929115143596 	0.209855114961765 	0.496021180818717 	330247 	19 	1204 	1.08274251920859 	0.393810174819691 	0.795250459507111
GO:0005741 	mitochondrial outer membrane 	0.0173902958279357 	7 	1.41236260451169 	0.230109179491286 	0.536921418813 	349642 	6 	214 	1.92369207052703 	0.0937772465006872 	0.46597627317272
GO:0012506 	vesicle membrane 	0.101323562276032 	33 	1.14276947121904 	0.234484157670253 	0.540204008809949 	330247 	19 	1223 	1.06592149887747 	0.420649077546917 	0.804514484794362
GO:0098588 	bounding membrane of organelle 	0.1760461945317 	55 	1.09620350870806 	0.247588866377541 	0.563264671008905 	332189 	37 	2156 	1.17747323859253 	0.166441453176087 	0.593324773485626
GO:0031967 	organelle envelope 	0.089796127742928 	29 	1.13317120150458 	0.267446295361679 	0.588462398634714 	387062 	20 	1272 	1.07880006051568 	0.395680761972436 	0.795250459507111
GO:0031975 	envelope 	0.089796127742928 	29 	1.13317120150458 	0.267446295361679 	0.588462398634714 	387062 	20 	1272 	1.07880006051568 	0.395680761972436 	0.795250459507111
GO:0030666 	endocytic vesicle membrane 	0.0182889120449206 	7 	1.34296689975024 	0.26836472025649 	0.588462398634714 	227924 	2 	192 	0.714705040091638 	0.772360339647162 	0.955077816948704
GO:0005815 	microtubule organizing center 	0.0702542802450473 	23 	1.14870943242855 	0.275444155993245 	0.596795671318697 	404194 	11 	852 	0.885831598986819 	0.701851468222008 	0.945016555387891
GO:0140535 	intracellular protein-containing complex 	0.0640795669617815 	21 	1.14988621209414 	0.285718559981031 	0.611773857841737 	227001 	14 	932 	1.03064761146262 	0.492803793689991 	0.846857727107347
GO:0042383 	sarcolemma 	0.0189871756479634 	7 	1.293578569249 	0.299206329079823 	0.63320409177358 	370720 	7 	138 	3.4803028039245 	0.00416070209306607 	0.0420693211632236
GO:0045177 	apical part of cell 	0.045549464574948 	15 	1.15548183581318 	0.320524407934021 	0.670522324643585 	426249 	10 	449 	1.52809986300217 	0.122400162426603 	0.480901637834086
GO:0005929 	cilium 	0.0591661634391728 	19 	1.12677014684592 	0.329375192674607 	0.681207784849756 	313339 	14 	736 	1.30511355147169 	0.188803918175446 	0.636339131628353
GO:0005774 	vacuolar membrane 	0.0297810530291306 	10 	1.17818934286589 	0.344393341134758 	0.704265034680068 	360672 	7 	466 	1.03064761146262 	0.521143216681444 	0.846857727107347
GO:0019866 	organelle inner membrane 	0.033387233281555 	11 	1.15602544549246 	0.355531350190762 	0.718963397052429 	475898 	9 	564 	1.09486729545953 	0.438785664321609 	0.809903781191892
GO:0031983 	vesicle lumen 	0.0207402462974339 	7 	1.18423875765693 	0.379243631940551 	0.751580164396815 	107133 	5 	325 	1.05556436690457 	0.514271494837258 	0.846857727107347
GO:0012505 	endomembrane system 	0.362087902615109 	106 	1.02718102945504 	0.38620595941532 	0.751580164396815 	340967 	65 	4776 	0.933785479516713 	0.758442291777204 	0.955077816948704
GO:0031966 	mitochondrial membrane 	0.0478081574119363 	15 	1.10089118252083 	0.388917582344847 	0.751580164396815 	292154 	12 	754 	1.09196313817714 	0.419380881733297 	0.804514484794362
GO:0005802 	trans-Golgi network 	0.0242837807643853 	8 	1.15592278282154 	0.389345129739552 	0.751580164396815 	319303 	5 	265 	1.29456007261882 	0.343881178523745 	0.795250459507111
GO:0019898 	extrinsic component of membrane 	0.0344082581780633 	11 	1.12172173983154 	0.392308327569766 	0.751580164396815 	393951 	5 	304 	1.12848164224995 	0.455917719000691 	0.821554701565601
GO:0005769 	early endosome 	0.0390909589017794 	12 	1.07711001062136 	0.437874215242791 	0.826327506033822 	323806 	8 	418 	1.31314227461813 	0.266497008632541 	0.746191624171116
GO:0005759 	mitochondrial matrix 	0.0288876286718667 	9 	1.09316509593518 	0.440405319149894 	0.826327506033822 	280291 	6 	491 	0.83843198185903 	0.723996507030847 	0.955077816948704
GO:0005739 	mitochondrion 	0.112643663846686 	33 	1.02792709088197 	0.460811803354605 	0.849003081965473 	287760 	25 	1697 	1.0107790785032 	0.508316794152887 	0.846857727107347
GO:0030141 	secretory granule 	0.0605636625020314 	18 	1.04283479775887 	0.461820357772428 	0.849003081965473 	280422 	12 	893 	0.92199351196592 	0.654565577556953 	0.9301867508602
GO:0005740 	mitochondrial envelope 	0.050422051815112 	15 	1.04382065093976 	0.46974672986589 	0.854939048355919 	292154 	12 	807 	1.02024808697096 	0.513374957763513 	0.846857727107347
GO:0045121 	membrane raft 	0.0368040924305261 	11 	1.04870107314635 	0.479053136574415 	0.859708955527 	433199 	10 	324 	2.11764456323448 	0.0209768756346054 	0.138937461326464
GO:0098857 	membrane microdomain 	0.0368809991503783 	11 	1.04651425170715 	0.481814909141506 	0.859708955527 	433199 	10 	325 	2.11112873380915 	0.0213749940502252 	0.138937461326464
GO:0030667 	secretory granule membrane 	0.0232487338979302 	7 	1.05646198268709 	0.494345294504599 	0.873503335920747 	271191 	6 	317 	1.29864385833686 	0.316687278994377 	0.795250459507111
GO:0034774 	secretory granule lumen 	0.0200318202383126 	6 	1.05095948987613 	0.507738298218446 	0.88854202188228 	112004 	4 	320 	0.857646048109966 	0.688686653476472 	0.945016555387891
GO:0060205 	cytoplasmic vesicle lumen 	0.0204385782106043 	6 	1.03004383974344 	0.527223886780564 	0.913854737086311 	112004 	4 	323 	0.849680295341142 	0.695665662337901 	0.945016555387891
GO:0031090 	organelle membrane 	0.269984144025691 	76 	0.987712325214519 	0.572570246765715 	0.98309231048453 	350302 	55 	3715 	1.01578535980723 	0.472412058046569 	0.834747520043453
GO:0005819 	spindle 	0.0328003975679176 	9 	0.962761116021005 	0.592091414929033 	0.99999999947864 	470614 	4 	434 	0.6323657497585 	0.880124872616515 	0.999937509995893
GO:0030139 	endocytic vesicle 	0.0294053951543888 	8 	0.954592696041597 	0.601509320444464 	0.99999999947864 	278517 	3 	343 	0.600102191097352 	0.879289550833161 	0.999937509995893
GO:0005813 	centrosome 	0.0513157420288172 	14 	0.95726584232102 	0.604375784574951 	0.99999999947864 	441185 	7 	645 	0.744622925490823 	0.833691762474841 	0.998236189279086
GO:0005765 	lysosomal membrane 	0.0265269164040901 	7 	0.925904961384239 	0.632859635159853 	0.99999999947864 	365493 	6 	422 	0.975521571309913 	0.581426133576144 	0.883190564670429
GO:0098852 	lytic vacuole membrane 	0.0265269164040901 	7 	0.925904961384239 	0.632859635159853 	0.99999999947864 	365493 	6 	422 	0.975521571309913 	0.581426133576144 	0.883190564670429
GO:0005794 	Golgi apparatus 	0.14991986863895 	41 	0.95957694219478 	0.637796429748788 	0.99999999947864 	338425 	19 	1648 	0.791032762819871 	0.884724874026325 	0.999937509995893
GO:0042175 	nuclear outer membrane-endoplasmic reticulum membrane network 	0.090597259406859 	24 	0.929504124816981 	0.676048817742627 	0.99999999947864 	325262 	17 	1203 	0.969574917231549 	0.588174094014779 	0.88469161248504
GO:0005789 	endoplasmic reticulum membrane 	0.0886860817872184 	23 	0.909970908170122 	0.711898676614836 	0.99999999947864 	335791 	16 	1181 	0.9295401706865 	0.655011317972451 	0.9301867508602
GO:0098827 	endoplasmic reticulum subcompartment 	0.0887767418973347 	23 	0.909041632540333 	0.713706030607737 	0.99999999947864 	335791 	16 	1185 	0.92640248234663 	0.660297686580726 	0.9301867508602
GO:0015630 	microtubule cytoskeleton 	0.114768835477231 	30 	0.917175446252744 	0.719293384697081 	0.99999999947864 	383470 	14 	1392 	0.690060038709168 	0.94876498937054 	0.999937509995893
GO:0000151 	ubiquitin ligase complex 	0.0224375558560851 	5 	0.781897090826176 	0.767472856884762 	0.99999999947864 	248564 	4 	302 	0.908764024487381 	0.64447555447332 	0.9301867508602
GO:0031984 	organelle subcompartment 	0.117839132543343 	30 	0.893278451926994 	0.770379892236051 	0.99999999947864 	334502 	20 	1507 	0.910573110136659 	0.701601798803085 	0.945016555387891
GO:0043235 	receptor complex 	0.0502404429312916 	12 	0.838075078587137 	0.772629417787028 	0.99999999947864 	316799 	11 	413 	1.82742983616651 	0.0405030013191976 	0.254191249658412
GO:0005874 	microtubule 	0.0426304176975768 	10 	0.823067687189002 	0.776204588210496 	0.99999999947864 	341311 	4 	478 	0.57415635019914 	0.920530219055347 	0.999937509995893
GO:0098791 	Golgi apparatus subcompartment 	0.035062567303358 	8 	0.800573876856649 	0.783947574663608 	0.99999999947864 	319303 	5 	387 	0.886455863679551 	0.668145666349646 	0.9301867508602
GO:0099503 	secretory vesicle 	0.077626291117127 	19 	0.858815559873602 	0.785601917409245 	0.99999999947864 	293335 	13 	1064 	0.838300648528538 	0.781339691003367 	0.955077816948704
GO:0098797 	plasma membrane protein complex 	0.0662196228085795 	16 	0.847790254551546 	0.785666359768988 	0.99999999947864 	335736 	11 	596 	1.26632302405498 	0.254130094909174 	0.745994794733382
GO:0098796 	membrane protein complex 	0.111773617835995 	28 	0.878969616777043 	0.791304348110814 	0.99999999947864 	364786 	20 	1227 	1.11836485491112 	0.334782029604739 	0.795250459507111
GO:1990904 	ribonucleoprotein complex 	0.0447763152375739 	10 	0.783622303712966 	0.823923453751611 	0.99999999947864 	313806 	7 	734 	0.654334859593434 	0.913758253084688 	0.999937509995893
GO:0005743 	mitochondrial inner membrane 	0.028530596406651 	6 	0.737896652382618 	0.824426433052872 	0.99999999947864 	397913 	6 	500 	0.823340206185567 	0.739840424420078 	0.955077816948704
GO:0000323 	lytic vacuole 	0.0533268949461733 	12 	0.789569000790213 	0.835227062309539 	0.99999999947864 	381100 	9 	760 	0.812506782419967 	0.78190436662284 	0.955077816948704
GO:0005764 	lysosome 	0.0533268949461733 	12 	0.789569000790213 	0.835227062309539 	0.99999999947864 	381100 	9 	760 	0.812506782419967 	0.78190436662284 	0.955077816948704
GO:0031410 	cytoplasmic vesicle 	0.192457271984224 	47 	0.856877368163424 	0.897005412689584 	0.99999999947864 	318049 	29 	2510 	0.79272463410961 	0.928748655706817 	0.999937509995893
GO:0097708 	intracellular vesicle 	0.192842513966653 	47 	0.855165582057654 	0.899876213148987 	0.99999999947864 	318049 	29 	2513 	0.79177828556113 	0.929767917427303 	0.999937509995893
GO:0016324 	apical plasma membrane 	0.0382111643677011 	7 	0.64278081851735 	0.920815300767232 	0.99999999947864 	374196 	7 	385 	1.24748516088722 	0.330439238846497 	0.795250459507111
GO:0043025 	neuronal cell body 	0.0638451942547029 	13 	0.714447432108163 	0.922189154681386 	0.99999999947864 	358777 	10 	512 	1.34007195017182 	0.215688480991662 	0.665344127804789
GO:0031253 	cell projection membrane 	0.0343825916279084 	6 	0.612304965454056 	0.928378326879681 	0.99999999947864 	339874 	4 	351 	0.781899531040425 	0.755428750113595 	0.955077816948704
GO:0032279 	asymmetric synapse 	0.0524732203819424 	10 	0.668678595345376 	0.933853072138945 	0.99999999947864 	453945 	5 	350 	0.980166912125675 	0.580130367308527 	0.883190564670429
GO:0030424 	axon 	0.0834986534607832 	17 	0.714372272302965 	0.946795983852567 	0.99999999947864 	356463 	12 	648 	1.27058673794069 	0.238120917745182 	0.722300117160384
GO:0099513 	polymeric cytoskeletal fiber 	0.0592101158744899 	11 	0.6518563704534 	0.952847515120026 	0.99999999947864 	311203 	5 	806 	0.425630793106683 	0.992221621619458 	0.999937509995893
GO:0031012 	extracellular matrix 	0.0645181895816448 	12 	0.65261073552928 	0.958926431753553 	0.99999999947864 	381490 	9 	566 	1.09099850642964 	0.442930766424469 	0.809903781191892
GO:0030312 	external encapsulating structure 	0.0645847697701243 	12 	0.651937961655038 	0.959302938953844 	0.99999999947864 	381490 	9 	567 	1.08907434680631 	0.445002077577963 	0.809903781191892
GO:0044297 	cell body 	0.0703089312745927 	13 	0.648765871715115 	0.966517604535327 	0.99999999947864 	358777 	10 	580 	1.18296006635857 	0.339359350174351 	0.795250459507111
GO:0098984 	neuron to neuron synapse 	0.0575126504102688 	10 	0.61008698169787 	0.968130831369626 	0.99999999947864 	453945 	5 	381 	0.900415798540646 	0.654722339129352 	0.9301867508602
GO:0005783 	endoplasmic reticulum 	0.165501531863623 	36 	0.763230334192744 	0.971946860521309 	0.99999999947864 	347372 	26 	2059 	0.866393288037265 	0.807896082310656 	0.97375554291748
GO:0009986 	cell surface 	0.0886912048850942 	17 	0.672548342130398 	0.971989231312297 	0.99999999947864 	434911 	15 	890 	1.15637669408085 	0.318711641526227 	0.795250459507111
GO:0031252 	cell leading edge 	0.0446948607045908 	7 	0.54953529604018 	0.972451494979961 	0.99999999947864 	308263 	5 	425 	0.807196280574085 	0.745070140783093 	0.955077816948704
GO:0005911 	cell-cell junction 	0.0631536199537436 	11 	0.611152476395492 	0.973353684363164 	0.99999999947864 	343885 	8 	511 	1.07415552013773 	0.469000416003247 	0.834747520043453
GO:0014069 	postsynaptic density 	0.0497823858992075 	8 	0.563857575959279 	0.974298891245943 	0.99999999947864 	503493 	3 	336 	0.612604320078547 	0.870488128157587 	0.999937509995893
GO:1990351 	transporter complex 	0.0458094888543539 	7 	0.53616410318094 	0.977291506542582 	0.99999999947864 	407188 	7 	427 	1.1247817024393 	0.430156920316823 	0.807098551522286
GO:0098978 	glutamatergic synapse 	0.0649554464959482 	11 	0.59419945994025 	0.979713813438305 	0.99999999947864 	354214 	10 	432 	1.58823342242586 	0.101917355757291 	0.475614326867356
GO:0150034 	distal axon 	0.0367084504906815 	5 	0.477924276688724 	0.980042595782214 	0.99999999947864 	268553 	4 	279 	0.983680055179889 	0.58232344923325 	0.883190564670429
GO:0048471 	perinuclear region of cytoplasm 	0.0672240539740481 	11 	0.574147034378058 	0.98575350586149 	0.99999999947864 	391161 	9 	733 	0.842435408784686 	0.745417147311483 	0.955077816948704
GO:1902495 	transmembrane transporter complex 	0.043504850509752 	6 	0.483914582679195 	0.985779772375155 	0.99999999947864 	380982 	6 	400 	1.02917525773196 	0.529005159574137 	0.852026009225601
GO:0099572 	postsynaptic specialization 	0.053546006268065 	8 	0.524225379164041 	0.986467344898203 	0.99999999947864 	503493 	3 	361 	0.570180198189451 	0.89953273522008 	0.999937509995893
GO:0099512 	supramolecular fiber 	0.0810650747421701 	14 	0.605967578192957 	0.986552300670412 	0.99999999947864 	266801 	8 	1048 	0.52375331182288 	0.987033014119436 	0.999937509995893
GO:0099081 	supramolecular polymer 	0.082448863986627 	14 	0.595797257140031 	0.98905616877969 	0.99999999947864 	266801 	8 	1057 	0.519293728278503 	0.988047477225677 	0.999937509995893
GO:0098794 	postsynapse 	0.0923813971345774 	16 	0.607701903397391 	0.990672198019721 	0.99999999947864 	425569 	10 	663 	1.03486702637703 	0.501321290399444 	0.846857727107347
GO:0062023 	collagen-containing extracellular matrix 	0.047089665571806 	6 	0.447075410778713 	0.992890950031316 	0.99999999947864 	277094 	5 	429 	0.799669974927707 	0.752348219001179 	0.955077816948704
GO:0045211 	postsynaptic membrane 	0.0537374831574881 	7 	0.457062781239493 	0.994719061568145 	0.99999999947864 	409856 	5 	281 	1.22084846706045 	0.390059963149179 	0.795250459507111
GO:0005856 	cytoskeleton 	0.193817260779693 	38 	0.687933225332754 	0.997190910369076 	0.99999999947864 	358920 	21 	2411 	0.597613173299354 	0.997618204801639 	0.999937509995893
GO:0098552 	side of membrane 	0.0486298396766551 	5 	0.360763263168741 	0.998332525336146 	0.99999999947864 	461285 	5 	604 	0.567977515304613 	0.942041729008995 	0.999937509995893
GO:0098590 	plasma membrane region 	0.145825007824136 	25 	0.601538100730999 	0.998827340322355 	0.99999999947864 	318570 	18 	1291 	0.956630758542487 	0.612154955197101 	0.908680252283895
GO:0000139 	Golgi membrane 	0.0613286458596752 	7 	0.400488273701173 	0.998840111019598 	0.99999999947864 	364209 	5 	655 	0.52375331182288 	0.964107153168551 	0.999937509995893
GO:0070161 	anchoring junction 	0.0943113457167537 	13 	0.483653740078235 	0.999297670194105 	0.99999999947864 	297207 	11 	902 	0.836727851814601 	0.768624292415717 	0.955077816948704
GO:0098793 	presynapse 	0.0705199920141082 	8 	0.398045641198893 	0.999475506645769 	0.99999999947864 	391612 	7 	568 	0.8455665263056 	0.725069924711019 	0.955077816948704
GO:0005886 	plasma membrane 	0.45710978320104 	103 	0.790627376734534 	0.999565762545396 	0.99999999947864 	376349 	71 	5538 	0.879636972420478 	0.912439466215819 	0.999937509995893
GO:0099080 	supramolecular complex 	0.107530161992801 	15 	0.489458752520917 	0.999632165626936 	0.99999999947864 	260356 	9 	1410 	0.437946918183812 	0.998972438481914 	0.999937509995893
GO:0036477 	somatodendritic compartment 	0.108513632028841 	15 	0.485022738280291 	0.999692080199078 	0.99999999947864 	337281 	12 	867 	0.949642683028336 	0.614108082587468 	0.908680252283895
GO:0097060 	synaptic membrane 	0.0685821640733586 	7 	0.358131065717027 	0.999750956727234 	0.99999999947864 	398667 	6 	396 	1.03957096740602 	0.51918804127466 	0.846857727107347
GO:0016020 	membrane 	0.650493860354747 	157 	0.846859942201507 	0.999792344404162 	0.99999999947864 	363193 	121 	9578 	0.866779468125336 	0.988187181525887 	0.999937509995893
GO:0043005 	neuron projection 	0.163329076592724 	26 	0.55855376200359 	0.999849195186254 	0.99999999947864 	297567 	22 	1393 	1.08360161139522 	0.379342524792653 	0.795250459507111
GO:0042995 	cell projection 	0.241219809086801 	44 	0.640021918169772 	0.999875204306452 	0.99999999947864 	292245 	37 	2398 	1.05864566405567 	0.381340106533893 	0.795250459507111
GO:0120025 	plasma membrane bounded cell projection 	0.230220210561685 	41 	0.62487845342432 	0.999898749908434 	0.99999999947864 	300987 	36 	2284 	1.08144510444689 	0.333829099500957 	0.795250459507111
GO:0031982 	vesicle 	0.286655914653789 	54 	0.660979503734869 	0.999938769007021 	0.99999999947864 	323191 	35 	3974 	0.604280054028159 	0.999875678982708 	0.999937509995893
GO:0071944 	cell periphery 	0.4920618243483 	107 	0.762990701399096 	0.999970916093142 	0.99999999947864 	379636 	74 	6021 	0.843259359709516 	0.968279005621108 	0.999937509995893
GO:0030054 	cell junction 	0.24021491462989 	40 	0.584272119028193 	0.999989330827403 	0.99999999947864 	376528 	31 	2228 	0.954650897357592 	0.636559546089925 	0.9301867508602
GO:1903561 	extracellular vesicle 	0.146024350115521 	19 	0.456544861277768 	0.99998987106294 	0.99999999947864 	367184 	14 	2109 	0.455459257412594 	0.999869088446072 	0.999937509995893
GO:0043230 	extracellular organelle 	0.146074015570881 	19 	0.456389635118351 	0.999989968222779 	0.99999999947864 	367184 	14 	2110 	0.455243399944626 	0.999870366076583 	0.999937509995893
GO:0065010 	extracellular membrane-bounded organelle 	0.146074015570881 	19 	0.456389635118351 	0.999989968222779 	0.99999999947864 	367184 	14 	2110 	0.455243399944626 	0.999870366076583 	0.999937509995893
GO:0045202 	synapse 	0.175773863584021 	25 	0.499046311306024 	0.999992205115875 	0.99999999947864 	419063 	18 	1463 	0.84416289082594 	0.804846734067109 	0.97375554291748
GO:0030425 	dendrite 	0.0840723250255135 	6 	0.25041095952275 	0.999998366357037 	0.99999999947864 	340889 	6 	633 	0.650347714206609 	0.902716782084173 	0.999937509995893
GO:0097447 	dendritic tree 	0.0844580425539712 	6 	0.249267339643754 	0.999998516085713 	0.99999999947864 	340889 	6 	635 	0.648299374949265 	0.904280444672416 	0.999937509995893
GO:0070062 	extracellular exosome 	0.143553776162546 	16 	0.391075403085357 	0.999999214730428 	0.99999999947864 	369482 	13 	2085 	0.427794671479311 	0.999937509995893 	0.999937509995893
GO:0005576 	extracellular region 	0.298989964778185 	50 	0.586770852397614 	0.999999400946941 	0.99999999947864 	318544 	42 	4062 	0.709426568599085 	0.996456219098495 	0.999937509995893
GO:0005615 	extracellular space 	0.231738421724678 	27 	0.408809386894926 	0.99999999947864 	0.99999999947864 	308506 	28 	3217 	0.597179716433423 	0.999528792977762 	0.999937509995893
