seqnames	start	end	width	strand
chr3	58448965	58449082	118	*
chr1	68837780	68837983	204	*
chr1	68851493	68851743	251	*
chr3	58955258	58955382	125	*
chr3	59025060	59025260	201	*
chr3	59202429	59202704	276	*
chr3	60238205	60238458	254	*
chr1	69023935	69024073	139	*
chr1	69025661	69025806	146	*
chr3	62773231	62774092	862	*
chr3	62777718	62777912	195	*
chr3	62811396	62811518	123	*
chr1	69147255	69147366	112	*
chr3	63717406	63717640	235	*
chr3	63905313	63905441	129	*
chr1	69307478	69307743	266	*
chr3	64100804	64100981	178	*
chr3	66139693	66139884	192	*
chr3	66163491	66163857	367	*
chr3	66169135	66169344	210	*
chr3	66171692	66171987	296	*
chr1	69948013	69948188	176	*
chr3	66490802	66490936	135	*
chr3	66544979	66545329	351	*
chr3	67139528	67139692	165	*
chr3	67145532	67145683	152	*
chr3	67412977	67413832	856	*
chr3	67494363	67495109	747	*
chr3	67991004	67992987	1984	*
chr3	70241965	70242242	278	*
chr3	70376335	70376530	196	*
chr3	70959858	70960092	235	*
chr3	70989681	70989852	172	*
chr1	70610716	70611028	313	*
chr1	8235012	8235523	512	*
chr3	75131240	75131586	347	*
chr3	75362132	75362389	258	*
chr3	75388509	75390104	1596	*
chr3	75399807	75400022	216	*
chr3	75487718	75487914	197	*
chr3	75806317	75806533	217	*
chr3	75852793	75852908	116	*
chr3	76530249	76530399	151	*
chr3	78271743	78271867	125	*
chr3	79544024	79544135	112	*
chr3	79545274	79545379	106	*
chr3	79563407	79563559	153	*
chr3	79568042	79568275	234	*
chr1	71710690	71710854	165	*
chr3	80581726	80581890	165	*
chr3	81635341	81635463	123	*
chr3	82049180	82049346	167	*
chr3	82119043	82119279	237	*
chr3	82692263	82692369	107	*
chr3	83472637	83472793	157	*
chr3	83521267	83521710	444	*
chr3	83701973	83702945	973	*
chr3	86960041	86960157	117	*
chr3	86994032	86994146	115	*
chr3	87959796	87959905	110	*
chr3	88208250	88208379	130	*
chr1	73319701	73319867	167	*
chr1	73371983	73372121	139	*
chr3	90011723	90011917	195	*
chr3	90112115	90112293	179	*
chr3	91074969	91075313	345	*
chr3	91126474	91126585	112	*
chr1	73878063	73879711	1649	*
chr3	92667724	92667894	171	*
chr1	73970326	73970995	670	*
chr3	92918636	92919146	511	*
chr3	92998446	92998626	181	*
chr3	93047071	93047182	112	*
chr3	93072034	93073203	1170	*
chr1	74911801	74911998	198	*
chr1	74912206	74912465	260	*
chr1	74916304	74916444	141	*
chr3	97200894	97201063	170	*
chr3	97212435	97212704	270	*
chr3	97361874	97362253	380	*
chr1	75061437	75061544	108	*
chr3	103906145	103906482	338	*
chr3	103942740	103943049	310	*
chr3	103988916	103989118	203	*
chr3	103999389	103999709	321	*
chr3	104005386	104005493	108	*
chr3	104230791	104230891	101	*
chr3	104361157	104361286	130	*
chr1	77171125	77171256	132	*
chr1	77388113	77388317	205	*
chr3	106334236	106334352	117	*
chr3	106942872	106943886	1015	*
chr3	106961174	106961384	211	*
chr3	107854572	107855008	437	*
chr3	109649762	109649894	133	*
chr3	109720644	109720817	174	*
chr3	109801842	109802024	183	*
chr1	77637797	77637946	150	*
chr3	110790189	110790376	188	*
chr33	3217359	3217744	386	*
chr1	77660120	77660261	142	*
chr33	5650366	5650543	178	*
chr33	7408660	7408921	262	*
chr4	70116	70237	122	*
chr4	88532	88969	438	*
chr4	94465	95590	1126	*
chr4	205830	205980	151	*
chr4	1119915	1120101	187	*
chr4	1251352	1251479	128	*
chr4	1307870	1308046	177	*
chr1	77920229	77920454	226	*
chr4	2060042	2060158	117	*
chr4	2182169	2182363	195	*
chr1	77939885	77939986	102	*
chr4	2225959	2226089	131	*
chr4	2243002	2243264	263	*
chr4	2298045	2298166	122	*
chr4	2381414	2381519	106	*
chr4	3350702	3350828	127	*
chr4	4011009	4011121	113	*
chr4	4106403	4106602	200	*
chr4	4153193	4153478	286	*
chr4	4548417	4548588	172	*
chr4	5084083	5084214	132	*
chr4	5800257	5800607	351	*
chr1	78081055	78081275	221	*
chr4	8111244	8111553	310	*
chr4	8679965	8681438	1474	*
chr4	8684777	8684943	167	*
chr4	9450367	9450498	132	*
chr4	9458647	9459724	1078	*
chr1	78284072	78284295	224	*
chr4	11856400	11856650	251	*
chr4	12181685	12181794	110	*
chr4	12297436	12297628	193	*
chr4	12378490	12380785	2296	*
chr4	12859722	12860354	633	*
chr4	12866991	12867209	219	*
chr4	13678273	13678409	137	*
chr4	14207097	14207209	113	*
chr4	14222643	14222808	166	*
chr4	14322182	14322344	163	*
chr4	14327738	14327880	143	*
chr4	15580333	15580490	158	*
chr4	15583924	15584102	179	*
chr4	15721853	15721990	138	*
chr4	16404374	16404543	170	*
chr4	16407976	16408184	209	*
chr4	16409201	16409317	117	*
chr4	16452959	16453185	227	*
chr4	17013031	17013345	315	*
chr4	17391854	17392146	293	*
chr4	17422516	17422639	124	*
chr4	17427424	17427584	161	*
chr4	18326332	18326436	105	*
chr1	79919816	79919973	158	*
chr4	19319170	19320026	857	*
chr4	19986568	19987188	621	*
chr4	20800462	20801181	720	*
chr4	21396287	21396584	298	*
chr4	21923298	21923718	421	*
chr4	22007743	22007847	105	*
chr4	22199228	22199389	162	*
chr4	22203455	22203574	120	*
chr4	24584788	24584964	177	*
chr4	25189332	25189490	159	*
chr4	25195623	25195765	143	*
chr4	25346925	25347481	557	*
chr4	25416415	25416525	111	*
chr4	25498938	25499040	103	*
chr1	80279554	80279928	375	*
chr1	80337894	80338075	182	*
chr4	28916987	28917155	169	*
chr4	29293781	29294002	222	*
chr4	29724777	29724988	212	*
chr4	30075278	30075678	401	*
chr4	30076511	30076965	455	*
chr4	30557420	30557526	107	*
chr4	30557677	30558022	346	*
chr4	30855256	30855486	231	*
chr1	80861334	80861444	111	*
chr1	80879909	80880045	137	*
chr1	80886246	80886688	443	*
chr4	33176241	33176446	206	*
chr4	33457758	33457935	178	*
chr4	34423550	34423699	150	*
chr4	34976714	34976931	218	*
chr4	39619367	39621642	2276	*
chr4	39628767	39628933	167	*
chr4	43104737	43105275	539	*
chr4	43163773	43164017	245	*
chr4	43178813	43178982	170	*
chr4	43246741	43247206	466	*
chr4	43307419	43307535	117	*
chr4	43309565	43309716	152	*
chr4	43860709	43860930	222	*
chr4	44485644	44485889	246	*
chr4	44912318	44912540	223	*
chr4	46973237	46973459	223	*
chr4	48347055	48347233	179	*
chr4	48373378	48374012	635	*
chr4	49640687	49640860	174	*
chr4	49653730	49654191	462	*
chr4	49945416	49945612	197	*
chr4	50034524	50034731	208	*
chr4	52875748	52876236	489	*
chr4	53791366	53791570	205	*
chr4	56139921	56140087	167	*
chr4	56840323	56840425	103	*
chr4	58266582	58266715	134	*
chr4	59893029	59893182	154	*
chr4	60301451	60302191	741	*
chr4	60346783	60346939	157	*
chr4	60347873	60347992	120	*
chr4	61116631	61116762	132	*
chr4	61147353	61147680	328	*
chr4	61742818	61743036	219	*
chr4	62769532	62769647	116	*
chr4	62820640	62820803	164	*
chr4	62839020	62839207	188	*
chr4	63035488	63035717	230	*
chr4	63191925	63192050	126	*
chr4	64124284	64124397	114	*
chr4	65482756	65482921	166	*
chr4	65492627	65493496	870	*
chr4	66369439	66369585	147	*
chr4	66679645	66679914	270	*
chr4	66946046	66946205	160	*
chr1	82988996	82989167	172	*
chr4	67595601	67595799	199	*
chr4	68161052	68161159	108	*
chr4	68510221	68510477	257	*
chr4	69398791	69398977	187	*
chr4	69400420	69400615	196	*
chr4	69914093	69918032	3940	*
chr4	73226799	73226962	164	*
chr4	73229708	73229857	150	*
chr4	73231388	73231543	156	*
chr4	76377900	76378246	347	*
chr4	76671642	76671782	141	*
chr1	83692137	83693183	1047	*
chr1	83693227	83693761	535	*
chr4	79037498	79037638	141	*
chr4	79545084	79545259	176	*
chr4	79835737	79838900	3164	*
chr4	80510766	80511170	405	*
chr1	10045866	10047741	1876	*
chr4	81147723	81147887	165	*
chr4	81576963	81577242	280	*
chr4	82000930	82001123	194	*
chr4	82202598	82202736	139	*
chr1	10073906	10076210	2305	*
chr4	82499112	82499314	203	*
chr4	82512205	82512376	172	*
chr1	83842009	83842120	112	*
chr4	82785343	82785475	133	*
chr4	83222824	83223113	290	*
chr4	87572507	87574520	2014	*
chr4	88411448	88411650	203	*
chr4	88887721	88887861	141	*
chr4	88893978	88894147	170	*
chr4	88909033	88909138	106	*
chr4	89104295	89104404	110	*
chr5	611474	611649	176	*
chr5	2220585	2221312	728	*
chr1	10207550	10207700	151	*
chr1	84808213	84808334	122	*
chr1	10212619	10212939	321	*
chr5	3898350	3898454	105	*
chr1	85243907	85244020	114	*
chr1	85246452	85246636	185	*
chr5	5792809	5793265	457	*
chr5	7110046	7110225	180	*
chr5	7625913	7626044	132	*
chr5	7800450	7800656	207	*
chr5	9043953	9044116	164	*
chr5	9623164	9624130	967	*
chr5	10035940	10036100	161	*
chr1	85873420	85873614	195	*
chr1	85925826	85928149	2324	*
chr5	12078141	12078268	128	*
chr5	12495657	12496897	1241	*
chr5	13271177	13271453	277	*
chr5	14509375	14509691	317	*
chr1	86511581	86512125	545	*
chr1	86693811	86693945	135	*
chr5	18134854	18134989	136	*
chr5	18179714	18180386	673	*
chr5	18212565	18212919	355	*
chr5	18302358	18302491	134	*
chr5	23286449	23286641	193	*
chr5	23324118	23324249	132	*
chr5	23397549	23397760	212	*
chr5	23518871	23519105	235	*
chr5	23595643	23595771	129	*
chr5	23606011	23606191	181	*
chr5	23757161	23758065	905	*
chr5	23868827	23869425	599	*
chr5	24157786	24157939	154	*
chr5	24237645	24237858	214	*
chr5	24508493	24508940	448	*
chr1	87758824	87759097	274	*
chr5	24842822	24843663	842	*
chr5	24957988	24958152	165	*
chr5	27425825	27425975	151	*
chr5	27427357	27427820	464	*
chr5	27439395	27439580	186	*
chr5	27441183	27441343	161	*
chr5	27468887	27469140	254	*
chr5	27480897	27481229	333	*
chr5	27481252	27482608	1357	*
chr5	27527231	27527654	424	*
chr5	27555208	27555390	183	*
chr5	29316470	29316864	395	*
chr5	29610678	29611011	334	*
chr5	30404517	30404784	268	*
chr5	31477484	31477691	208	*
chr1	89766311	89766503	193	*
chr1	89776360	89776569	210	*
chr5	34034963	34035658	696	*
chr5	34036840	34036939	100	*
chr1	89828004	89828227	224	*
chr5	34514745	34514864	120	*
chr5	34563250	34563596	347	*
chr5	34890914	34894703	3790	*
chr5	35105052	35105648	597	*
chr5	35158072	35158298	227	*
chr1	90052190	90052291	102	*
chr1	90059088	90059346	259	*
chr5	35706519	35706620	102	*
chr1	90066394	90066801	408	*
chr5	35785848	35787216	1369	*
chr1	90068302	90068718	417	*
chr5	35887652	35889967	2316	*
chr5	36210067	36210259	193	*
chr5	36299357	36299564	208	*
chr5	36733245	36733349	105	*
chr5	36954704	36954996	293	*
chr5	37266033	37266412	380	*
chr5	37822230	37823086	857	*
chr5	37948743	37948871	129	*
chr5	38221955	38222078	124	*
chr5	39082901	39083309	409	*
chr5	39310399	39311006	608	*
chr5	42392516	42393299	784	*
chr5	43365676	43365855	180	*
chr5	43387656	43387790	135	*
chr5	43396327	43396460	134	*
chr5	43397821	43397936	116	*
chr5	43400992	43401108	117	*
chr1	1627921	1628113	193	*
chr5	44560933	44561559	627	*
chr5	44563931	44564046	116	*
chr5	44979686	44979821	136	*
chr5	45349920	45350534	615	*
chr5	45386533	45386700	168	*
chr5	45426334	45426534	201	*
chr5	46632508	46632787	280	*
chr5	48490594	48490795	202	*
chr5	48514507	48514642	136	*
chr5	48911085	48911295	211	*
chr5	48924680	48924907	228	*
chr1	92502468	92502680	213	*
chr1	92564637	92565287	651	*
chr5	49735113	49736673	1561	*
chr1	92620240	92620410	171	*
chr5	49942848	49942972	125	*
chr5	49956355	49956610	256	*
chr5	50060307	50060477	171	*
chr5	50070547	50071382	836	*
chr5	50112659	50113359	701	*
chr5	50120496	50120656	161	*
chr5	50475991	50476100	110	*
chr5	50477221	50477383	163	*
chr5	50488045	50488451	407	*
chr5	50636533	50636801	269	*
chr5	50661265	50661429	165	*
chr5	50969884	50970184	301	*
chr1	92776549	92776757	209	*
chr5	51888502	51889080	579	*
chr1	92881181	92881303	123	*
chr5	52320646	52320831	186	*
chr5	52894534	52894857	324	*
chr5	52937027	52938432	1406	*
chr5	53077560	53078578	1019	*
chr5	53546632	53546735	104	*
chr5	53551715	53551852	138	*
chr5	54718306	54719163	858	*
chr5	55677601	55677842	242	*
chr5	55710672	55711651	980	*
chr5	55719925	55720065	141	*
chr5	56563436	56563560	125	*
chr5	57127717	57127916	200	*
chr5	58976571	58976828	258	*
chr6	3212965	3213093	129	*
chr6	5490604	5490866	263	*
chr1	93796493	93796612	120	*
chr1	93797055	93799306	2252	*
chr1	93800645	93800917	273	*
chr6	10237095	10237309	215	*
chr6	11199430	11199598	169	*
chr6	11336603	11336782	180	*
chr6	11338152	11338281	130	*
chr6	11454976	11455184	209	*
chr6	11531694	11531811	118	*
chr6	11985324	11985536	213	*
chr6	13114917	13115130	214	*
chr6	14552406	14552874	469	*
chr1	94831263	94831591	329	*
chr1	94975046	94975220	175	*
chr6	16520040	16520296	257	*
chr6	16809635	16809850	216	*
chr6	16968918	16969197	280	*
chr6	17273803	17273941	139	*
chr6	18596575	18596709	135	*
chr6	19155918	19156074	157	*
chr6	20233683	20233816	134	*
chr6	21051611	21051710	100	*
chr6	21054279	21054415	137	*
chr6	21603632	21604629	998	*
chr6	21757795	21758081	287	*
chr6	21913258	21913439	182	*
chr6	22046515	22046764	250	*
chr6	22645937	22646224	288	*
chr6	23413725	23413872	148	*
chr6	23421567	23421966	400	*
chr6	23885852	23886056	205	*
chr6	24444802	24444925	124	*
chr6	25064669	25064867	199	*
chr6	25646949	25647116	168	*
chr6	26086047	26086307	261	*
chr6	28436595	28437072	478	*
chr6	30236328	30236498	171	*
chr1	97940391	97940592	202	*
chr1	97944265	97944395	131	*
chr1	97960043	97960251	209	*
chr1	97973592	97973960	369	*
chr6	31099227	31099375	149	*
chr6	31292484	31292667	184	*
chr1	97979027	97979181	155	*
chr6	33941696	33941916	221	*
chr1	98336652	98336787	136	*
chr6	35143462	35144758	1297	*
chr6	35801202	35801472	271	*
chr1	98412096	98412274	179	*
chr7	2300404	2300546	143	*
chr1	12494908	12495028	121	*
chr7	2662920	2663064	145	*
chr7	2697125	2697504	380	*
chr7	5322733	5322914	182	*
chr7	5383268	5383376	109	*
chr7	6952110	6952236	127	*
chr7	8327351	8327521	171	*
chr7	10199304	10199449	146	*
chr7	11346181	11346828	648	*
chr7	12460786	12461235	450	*
chr7	12628010	12629226	1217	*
chr7	12674967	12675309	343	*
chr7	13735139	13735360	222	*
chr7	13823733	13823909	177	*
chr7	14073220	14073378	159	*
chr7	14926980	14927136	157	*
chr1	99700313	99700671	359	*
chr7	15456479	15456704	226	*
chr7	16302455	16302753	299	*
chr7	16902322	16902630	309	*
chr1	100054962	100055107	146	*
chr7	17353438	17353563	126	*
chr7	17377148	17377468	321	*
chr1	100071097	100071232	136	*
chr7	17856717	17856878	162	*
chr7	18022223	18022334	112	*
chr7	18130266	18130376	111	*
chr7	18133315	18133533	219	*
chr7	18420714	18420902	189	*
chr7	18549460	18549617	158	*
chr7	18621421	18621598	178	*
chr7	18768041	18768179	139	*
chr7	19605862	19606704	843	*
chr7	19707499	19707811	313	*
chr7	19728473	19729717	1245	*
chr7	19955783	19955913	131	*
chr7	19965159	19965443	285	*
chr7	20579924	20582454	2531	*
chr1	100704262	100704539	278	*
chr7	21009577	21009837	261	*
chr7	21213113	21213307	195	*
chr1	100939218	100939369	152	*
chr7	21958805	21959000	196	*
chr7	21969179	21969298	120	*
chr7	21971742	21971847	106	*
chr7	22002987	22003160	174	*
chr7	22007917	22008082	166	*
chr7	22008418	22008679	262	*
chr1	12663922	12664080	159	*
chr7	22247517	22247661	145	*
chr1	12664260	12664405	146	*
chr7	22573252	22573386	135	*
chr7	23619705	23620107	403	*
chr1	102248011	102248239	229	*
chr7	26042148	26042247	100	*
chr7	26145810	26145935	126	*
chr7	26263677	26263887	211	*
chr7	26567053	26567264	212	*
chr7	26614806	26615035	230	*
chr7	26675956	26676184	229	*
chr7	27572152	27572452	301	*
chr7	28049132	28049317	186	*
chr7	28052265	28052466	202	*
chr7	28053671	28054029	359	*
chr7	29198146	29198495	350	*
chr7	29332734	29332858	125	*
chr7	30416969	30417107	139	*
chr1	104343772	104343954	183	*
chr7	31194460	31194670	211	*
chr7	31404444	31404632	189	*
chr7	31406870	31407489	620	*
chr7	31897577	31897870	294	*
chr7	31936409	31936551	143	*
chr7	31944533	31944692	160	*
chr7	31972364	31972606	243	*
chr7	33205021	33205387	367	*
chr1	105522593	105522854	262	*
chr7	36076446	36076802	357	*
chr8	1305709	1305896	188	*
chr8	1331761	1332163	403	*
chr8	1337949	1338160	212	*
chr1	105808111	105808343	233	*
chr8	1910060	1910179	120	*
chr8	3143724	3143928	205	*
chr8	4211366	4211539	174	*
chr8	4231708	4231856	149	*
chr8	4503028	4503159	132	*
chr1	106107223	106107372	150	*
chr8	6097895	6098240	346	*
chr8	6123115	6123326	212	*
chr8	7784781	7784886	106	*
chr8	7991071	7991245	175	*
chr1	106383896	106384115	220	*
chr1	106423445	106423653	209	*
chr8	10870139	10870278	140	*
chr1	106433515	106433782	268	*
chr1	106434535	106434906	372	*
chr1	106436373	106436605	233	*
chr8	11070522	11070704	183	*
chr8	12637012	12638291	1280	*
chr8	12640278	12640471	194	*
chr8	14268821	14269015	195	*
chr8	14471449	14471579	131	*
chr8	14581469	14582046	578	*
chr8	14636128	14636829	702	*
chr1	106737376	106737553	178	*
chr8	15054141	15054264	124	*
chr1	106766886	106767075	190	*
chr1	106776617	106776797	181	*
chr8	15363790	15364611	822	*
chr8	15500202	15500806	605	*
chr8	16334120	16334288	169	*
chr1	106911065	106911187	123	*
chr1	106917254	106917422	169	*
chr8	17044067	17044243	177	*
chr1	107005464	107007588	2125	*
chr1	107329543	107329732	190	*
chr8	20331707	20331862	156	*
chr8	20464805	20465388	584	*
chr8	20466010	20466118	109	*
chr8	20831342	20831460	119	*
chr8	20878179	20878495	317	*
chr8	20894315	20894448	134	*
chr8	21089188	21089354	167	*
chr8	21296799	21297638	840	*
chr8	21301263	21301406	144	*
chr8	21584859	21585018	160	*
chr8	21756881	21757014	134	*
chr8	21766281	21766530	250	*
chr8	21789412	21789604	193	*
chr8	21863383	21863497	115	*
chr1	13189027	13189226	200	*
chr8	22020069	22020308	240	*
chr8	23372880	23373268	389	*
chr8	24368435	24368554	120	*
chr8	26935593	26935815	223	*
chr8	27681459	27681619	161	*
chr8	27794568	27794784	217	*
chr8	27880584	27880824	241	*
chr8	27888571	27888815	245	*
chr1	108593202	108594164	963	*
chr8	28494636	28494901	266	*
chr1	108869630	108870446	817	*
chr8	29319791	29320388	598	*
chr1	109023030	109023153	124	*
chr9	798373	798537	165	*
chr9	1644613	1644718	106	*
chr9	1646968	1647093	126	*
chr9	1651785	1652245	461	*
chr9	2789319	2789596	278	*
chr9	2791425	2791603	179	*
chr9	2807961	2808102	142	*
chr9	2816851	2816964	114	*
chr9	3806383	3806549	167	*
chr9	5071362	5071675	314	*
chr9	5210837	5211012	176	*
chr9	5573177	5574357	1181	*
chr1	109617318	109617552	235	*
chr9	6732428	6732573	146	*
chr1	109730078	109730484	407	*
chr9	8557976	8558977	1002	*
chr9	8559631	8559790	160	*
chr9	8578226	8578468	243	*
chr9	8662367	8662559	193	*
chr9	8675922	8676040	119	*
chr9	8705734	8705918	185	*
chr9	8968211	8969324	1114	*
chr9	10216257	10216428	172	*
chr9	10231159	10231260	102	*
chr9	10251100	10251254	155	*
chr9	10597991	10598123	133	*
chr9	10796655	10796779	125	*
chr1	110344121	110344346	226	*
chr1	110345941	110346105	165	*
chr1	110390787	110391288	502	*
chr1	110404005	110404107	103	*
chr9	12641384	12641505	122	*
chr9	12643167	12643343	177	*
chr9	13037823	13038007	185	*
chr1	110476812	110477563	752	*
chr9	15071890	15072085	196	*
chr9	15782166	15782282	117	*
chr9	15869831	15870093	263	*
chr9	15902448	15902770	323	*
chr9	15968990	15969166	177	*
chr9	16511974	16512215	242	*
chr9	16599252	16599428	177	*
chr9	16606301	16606477	177	*
chr9	16607042	16607159	118	*
chr1	110955407	110955582	176	*
chr1	110958844	110958984	141	*
chr9	20394838	20394991	154	*
chr9	20414041	20415447	1407	*
chr1	111546748	111546916	169	*
chr1	111554377	111554597	221	*
chr1	111590122	111590327	206	*
chr1	111627623	111627787	165	*
chr1	112151693	112151875	183	*
chr1	112168821	112168950	130	*
chr1	112170449	112170588	140	*
chr1	112190624	112190738	115	*
chr1	112192611	112192879	269	*
chr1	112219974	112220108	135	*
chr1	112264386	112264510	125	*
chr1	113267044	113267184	141	*
chr1	113271468	113271594	127	*
chr1	113279515	113279725	211	*
chr1	113386815	113386918	104	*
chr1	113391824	113392066	243	*
chr1	113397379	113397617	239	*
chr1	113405028	113405294	267	*
chr1	113416749	113416883	135	*
chr1	113420826	113421079	254	*
chr1	113425828	113426201	374	*
chr1	113433039	113433197	159	*
chr1	113439266	113439376	111	*
chr1	113445581	113445858	278	*
chr1	113447287	113447521	235	*
chr1	113448250	113448370	121	*
chr1	113561186	113561382	197	*
chr1	13771857	13772112	256	*
chr1	113712676	113712943	268	*
chr1	113716688	113717031	344	*
chr1	113727872	113728015	144	*
chr1	114086805	114086966	162	*
chr1	13924981	13925101	121	*
chr1	114936270	114936456	187	*
chr1	116012805	116014260	1456	*
chr1	116017313	116017481	169	*
chr1	13962919	13963366	448	*
chr1	117542543	117542728	186	*
chr1	119452203	119452331	129	*
chr1	119495645	119495802	158	*
chr1	119501863	119502060	198	*
chr1	119617190	119618462	1273	*
chr1	119622844	119623004	161	*
chr1	119862632	119864404	1773	*
chr1	119880534	119881253	720	*
chr1	120613969	120614662	694	*
chr1	14171831	14171966	136	*
chr1	120694452	120694856	405	*
chr1	14181409	14181712	304	*
chr1	14188669	14188896	228	*
chr1	121330829	121330942	114	*
chr1	121516475	121516574	100	*
chr1	121812693	121812977	285	*
chr1	121841053	121841203	151	*
chr1	121926174	121926470	297	*
chr1	122114213	122114472	260	*
chr1	122800957	122801164	208	*
chr1	14668946	14669112	167	*
chr1	123885568	123885700	133	*
chr1	124928442	124929158	717	*
chr1	124929307	124929991	685	*
chr1	124934419	124934579	161	*
chr1	124952062	124952183	122	*
chr1	125050169	125050293	125	*
chr1	125710429	125710628	200	*
chr1	126199870	126199994	125	*
chr1	126210904	126211137	234	*
chr1	126256134	126256289	156	*
chr1	126277748	126277943	196	*
chr1	126289743	126289843	101	*
chr1	126384710	126384996	287	*
chr1	14847000	14848347	1348	*
chr1	129461762	129462036	275	*
chr1	130117017	130117234	218	*
chr1	14937169	14937272	104	*
chr1	14938680	14938804	125	*
chr1	14941342	14941582	241	*
chr1	131443855	131443996	142	*
chr1	131655970	131656087	118	*
chr1	131695837	131695945	109	*
chr1	131706297	131706637	341	*
chr1	131706757	131707119	363	*
chr1	131709015	131709120	106	*
chr1	132567384	132568049	666	*
chr1	132568463	132568700	238	*
chr1	132595274	132595386	113	*
chr1	132986493	132986827	335	*
chr1	133079662	133079856	195	*
chr1	133208998	133209415	418	*
chr1	133213445	133214713	1269	*
chr1	133227617	133227780	164	*
chr1	133491613	133492246	634	*
chr1	133517674	133517863	190	*
chr1	133531994	133532129	136	*
chr1	133973388	133973690	303	*
chr1	133982664	133982810	147	*
chr1	133999748	134000134	387	*
chr1	134043167	134043877	711	*
chr1	134696573	134696786	214	*
chr1	134979060	134979200	141	*
chr1	135005598	135005758	161	*
chr1	136404298	136404709	412	*
chr1	136421722	136422416	695	*
chr1	136730124	136730247	124	*
chr1	136756261	136756557	297	*
chr1	137500068	137500295	228	*
chr1	138079125	138079227	103	*
chr1	15510117	15510270	154	*
chr1	15513962	15514137	176	*
chr1	138270508	138270631	124	*
chr1	15520903	15521099	197	*
chr1	138539796	138540041	246	*
chr1	138543614	138543790	177	*
chr1	138648942	138650310	1369	*
chr1	138657439	138657616	178	*
chr1	138816666	138816772	107	*
chr1	138867572	138867678	107	*
chr1	138886243	138886362	120	*
chr1	15547157	15547379	223	*
chr1	139115473	139115699	227	*
chr1	139126382	139126540	159	*
chr1	140513873	140514083	211	*
chr1	140582216	140582522	307	*
chr1	140691545	140691755	211	*
chr1	140711156	140711291	136	*
chr1	140724127	140724279	153	*
chr1	140732345	140732444	100	*
chr1	140746332	140746438	107	*
chr1	141812339	141812527	189	*
chr1	15878794	15878938	145	*
chr1	144306440	144306703	264	*
chr1	144318915	144319074	160	*
chr1	144819854	144819984	131	*
chr1	145023033	145023170	138	*
chr1	145061563	145061735	173	*
chr1	145066368	145066575	208	*
chr1	145123358	145123475	118	*
chr1	145136001	145136308	308	*
chr1	145139917	145140043	127	*
chr1	145143526	145143625	100	*
chr1	145330814	145331047	234	*
chr1	145362680	145363221	542	*
chr1	16022432	16024095	1664	*
chr1	145604772	145605369	598	*
chr1	145720883	145721392	510	*
chr1	16135987	16136273	287	*
chr1	146163872	146164015	144	*
chr1	146203526	146203864	339	*
chr1	146218739	146218870	132	*
chr1	146222971	146223187	217	*
chr1	146714944	146715364	421	*
chr1	146995862	146996577	716	*
chr1	147874134	147874363	230	*
chr1	148004038	148004195	158	*
chr1	148139224	148139434	211	*
chr1	152610954	152611950	997	*
chr1	154503796	154503947	152	*
chr1	154513796	154513970	175	*
chr1	154522605	154522729	125	*
chr1	154524497	154524714	218	*
chr1	154880881	154881024	144	*
chr1	154889448	154889556	109	*
chr1	155682566	155682726	161	*
chr1	155686281	155686416	136	*
chr1	155693995	155694196	202	*
chr1	155702637	155702789	153	*
chr1	155704938	155705162	225	*
chr1	155719435	155719570	136	*
chr1	155734713	155735085	373	*
chr1	155742617	155742929	313	*
chr1	155749097	155749312	216	*
chr1	155758623	155758830	208	*
chr1	155767821	155768110	290	*
chr1	155771272	155771400	129	*
chr1	156245505	156245711	207	*
chr1	156279821	156279971	151	*
chr1	156280755	156280892	138	*
chr1	157134431	157134983	553	*
chr1	157153721	157153999	279	*
chr1	17631677	17632994	1318	*
chr1	158367430	158367928	499	*
chr1	159164727	159164880	154	*
chr1	159277216	159277396	181	*
chr1	160445608	160448710	3103	*
chr1	161146704	161147821	1118	*
chr1	163199558	163201896	2339	*
chr1	164781738	164782680	943	*
chr1	164791008	164791116	109	*
chr1	164859114	164859519	406	*
chr1	167240707	167240865	159	*
chr1	167378457	167378576	120	*
chr1	167436145	167436281	137	*
chr1	167644910	167645029	120	*
chr1	167685875	167685990	116	*
chr1	167755795	167756004	210	*
chr1	168207935	168208206	272	*
chr1	169122168	169122277	110	*
chr1	171427964	171428089	126	*
chr1	171432192	171432363	172	*
chr1	171656528	171656637	110	*
chr1	172246740	172246874	135	*
chr1	173176065	173176478	414	*
chr1	173250916	173251117	202	*
chr1	173682321	173682837	517	*
chr1	174468118	174468736	619	*
chr1	20271434	20271621	188	*
chr1	175864434	175864633	200	*
chr1	175882170	175882270	101	*
chr1	175942923	175943606	684	*
chr1	176040823	176040962	140	*
chr1	176041344	176041459	116	*
chr1	176290636	176290739	104	*
chr1	20344247	20345562	1316	*
chr1	176605522	176605757	236	*
chr1	177299387	177299641	255	*
chr1	177313628	177313876	249	*
chr1	177816939	177817873	935	*
chr1	177855716	177855987	272	*
chr1	177857626	177857945	320	*
chr1	177998006	177998152	147	*
chr1	178102931	178103055	125	*
chr1	178117567	178117707	141	*
chr1	178221883	178222205	323	*
chr1	178399433	178399983	551	*
chr1	178711970	178712162	193	*
chr1	178971692	178975537	3846	*
chr1	178975570	178982074	6505	*
chr1	180012901	180014485	1585	*
chr1	180411817	180412045	229	*
chr1	180425443	180426312	870	*
chr1	20648967	20649289	323	*
chr1	20656068	20656235	168	*
chr1	20666088	20666219	132	*
chr1	181008631	181009150	520	*
chr1	181563790	181563991	202	*
chr1	181661556	181661659	104	*
chr1	181694970	181695128	159	*
chr1	181696073	181696260	188	*
chr1	181701667	181701778	112	*
chr1	181705769	181705878	110	*
chr1	181712299	181712417	119	*
chr1	182154001	182154766	766	*
chr1	182217772	182218175	404	*
chr1	182257504	182257899	396	*
chr1	182448660	182450286	1627	*
chr1	182560008	182560583	576	*
chr1	183678906	183679014	109	*
chr1	183981517	183981980	464	*
chr1	184407791	184408012	222	*
chr1	184409937	184410162	226	*
chr1	184587390	184587513	124	*
chr1	21358969	21360205	1237	*
chr1	21390861	21391183	323	*
chr1	186746166	186746333	168	*
chr1	187019232	187019451	220	*
chr1	190345414	190345705	292	*
chr1	190540917	190541316	400	*
chr1	190629562	190629689	128	*
chr1	190744580	190744712	133	*
chr1	191414145	191414334	190	*
chr1	191567091	191567267	177	*
chr1	191647335	191647439	105	*
chr1	191649275	191649438	164	*
chr1	194025490	194025635	146	*
chr1	194399982	194400192	211	*
chr1	22868415	22868820	406	*
chr1	194425608	194426578	971	*
chr1	194608220	194608359	140	*
chr1	194609502	194609676	175	*
chr1	194617996	194618103	108	*
chr1	194629827	194630014	188	*
chr1	194637022	194637136	115	*
chr1	194704240	194704366	127	*
chr1	194773167	194773291	125	*
chr1	195130395	195130544	150	*
chr1	195157833	195157941	109	*
chr1	196411573	196411797	225	*
chr10	2843759	2844084	326	*
chr10	4192564	4192780	217	*
chr10	4476549	4476811	263	*
chr10	4508393	4508529	137	*
chr10	6047732	6047970	239	*
chr10	6480208	6480437	230	*
chr10	7036448	7036594	147	*
chr10	7333156	7334276	1121	*
chr10	9718714	9718825	112	*
chr10	10754503	10754621	119	*
chr10	10987831	10988236	406	*
chr10	11559477	11559708	232	*
chr1	24845406	24845678	273	*
chr10	14897310	14897765	456	*
chr10	18081002	18081246	245	*
chr1	26081514	26082273	760	*
chr11	5032717	5032932	216	*
chr11	5045468	5045618	151	*
chr11	5081883	5083329	1447	*
chr11	6244109	6244218	110	*
chr11	6250713	6250885	173	*
chr11	6869909	6870224	316	*
chr11	9224585	9228700	4116	*
chr1	26819064	26821079	2016	*
chr11	9765665	9765804	140	*
chr11	9780310	9780452	143	*
chr11	11416699	11416805	107	*
chr1	27371977	27372081	105	*
chr1	27380377	27380481	105	*
chr1	27383685	27383837	153	*
chr1	27392888	27393012	125	*
chr11	15317751	15317978	228	*
chr11	15486710	15487070	361	*
chr11	17026009	17026341	333	*
chr11	17866569	17866951	383	*
chr11	17900232	17900792	561	*
chr1	28835321	28835582	262	*
chr12	1978643	1978744	102	*
chr12	2592871	2593034	164	*
chr12	4387286	4387502	217	*
chr12	4400007	4400330	324	*
chr12	4410270	4410622	353	*
chr12	4531815	4531953	139	*
chr12	4685295	4685438	144	*
chr1	29411437	29412991	1555	*
chr12	6786953	6788880	1928	*
chr12	6796384	6796684	301	*
chr12	6818732	6818838	107	*
chr12	6933976	6934142	167	*
chr12	7638627	7638731	105	*
chr12	8047680	8047780	101	*
chr12	8587562	8587976	415	*
chr12	9074267	9074430	164	*
chr12	9536182	9536412	231	*
chr12	10299355	10300592	1238	*
chr12	10376879	10377125	247	*
chr1	30075733	30075931	199	*
chr1	30090790	30090976	187	*
chr12	11069548	11069655	108	*
chr12	11112673	11112802	130	*
chr12	11364274	11364507	234	*
chr1	30429176	30429824	649	*
chr12	13521825	13522097	273	*
chr12	13621740	13621964	225	*
chr12	14165667	14165838	172	*
chr12	14402567	14403079	513	*
chr12	14448773	14449408	636	*
chr12	15498136	15498291	156	*
chr1	30944165	30944420	256	*
chr1	30952273	30955129	2857	*
chr12	16796929	16797521	593	*
chr12	17009723	17009847	125	*
chr13	1709261	1710054	794	*
chr13	1867779	1867881	103	*
chr13	1924806	1925047	242	*
chr13	3390803	3391937	1135	*
chr13	3391981	3392714	734	*
chr13	3561098	3561257	160	*
chr1	32850322	32850455	134	*
chr13	8643523	8645542	2020	*
chr13	8907900	8908073	174	*
chr13	8910622	8910799	178	*
chr13	9108870	9109292	423	*
chr13	9627491	9627636	146	*
chr13	9817798	9817916	119	*
chr13	9953248	9953486	239	*
chr13	10849338	10849442	105	*
chr13	10850359	10850516	158	*
chr13	10851089	10851284	196	*
chr1	33238763	33238888	126	*
chr13	10939181	10939345	165	*
chr13	10961985	10962114	130	*
chr1	4539096	4539213	118	*
chr13	12073472	12073626	155	*
chr13	12078175	12078318	144	*
chr13	12081878	12082015	138	*
chr13	12349607	12349811	205	*
chr13	13007279	13007403	125	*
chr13	13673162	13673397	236	*
chr13	13775942	13776057	116	*
chr13	13928256	13928501	246	*
chr13	14155935	14156044	110	*
chr1	33942350	33942480	131	*
chr1	33951783	33951898	116	*
chr13	14528258	14528887	630	*
chr13	14555026	14555938	913	*
chr13	14557673	14557914	242	*
chr13	15130584	15130831	248	*
chr1	34059167	34059432	266	*
chr13	15742450	15742734	285	*
chr13	15748106	15748316	211	*
chr13	17113929	17114140	212	*
chr13	18272034	18272898	865	*
chr14	1533300	1533502	203	*
chr14	1734065	1734279	215	*
chr14	1735953	1736133	181	*
chr14	1753832	1753997	166	*
chr1	34570608	34570761	154	*
chr14	2206243	2206432	190	*
chr1	34589434	34589621	188	*
chr1	34920377	34920680	304	*
chr1	34923723	34925221	1499	*
chr14	3498069	3498273	205	*
chr14	4492373	4492502	130	*
chr14	4993867	4994010	144	*
chr14	5045991	5046150	160	*
chr1	35517361	35517684	324	*
chr1	35696753	35696903	151	*
chr14	8967631	8967872	242	*
chr1	35971917	35972037	121	*
chr1	35983219	35983516	298	*
chr1	36046981	36047104	124	*
chr14	12387739	12388162	424	*
chr14	12475117	12475279	163	*
chr14	12734855	12734989	135	*
chr14	12789506	12789639	134	*
chr14	12929130	12929287	158	*
chr14	12960285	12961022	738	*
chr1	36458147	36458351	205	*
chr14	15248909	15249370	462	*
chr15	2645757	2645996	240	*
chr15	3627477	3627833	357	*
chr1	36877036	36877135	100	*
chr15	4060777	4061014	238	*
chr15	5775071	5775240	170	*
chr1	37718522	37718833	312	*
chr15	6448312	6448523	212	*
chr15	8098796	8098959	164	*
chr1	38127179	38127285	107	*
chr15	9495842	9495994	153	*
chr15	9552629	9552752	124	*
chr15	9789579	9789781	203	*
chr15	9911812	9911989	178	*
chr1	38383655	38383891	237	*
chr17	1423463	1424957	1495	*
chr17	2123705	2123818	114	*
chr17	3465945	3466098	154	*
chr17	3536289	3536518	230	*
chr17	3554446	3554668	223	*
chr17	5155432	5155608	177	*
chr17	5372708	5372913	206	*
chr17	5396314	5396540	227	*
chr17	5397348	5397527	180	*
chr1	39849501	39849662	162	*
chr1	39855514	39855734	221	*
chr17	9083545	9083698	154	*
chr1	40003149	40003275	127	*
chr18	757877	758242	366	*
chr1	40034227	40034457	231	*
chr18	3100742	3101144	403	*
chr18	3489009	3489163	155	*
chr18	4035393	4035568	176	*
chr1	40289213	40289348	136	*
chr18	4086507	4086651	145	*
chr18	4426374	4426659	286	*
chr1	40357407	40357532	126	*
chr18	4671051	4671427	377	*
chr18	4679173	4679379	207	*
chr1	40568968	40569229	262	*
chr1	40783061	40783187	127	*
chr18	5077450	5077626	177	*
chr1	41037155	41037990	836	*
chr1	41093347	41093542	196	*
chr18	7032073	7032931	859	*
chr18	7160205	7160453	249	*
chr18	7204836	7205040	205	*
chr1	41689124	41689316	193	*
chr18	8013595	8013767	173	*
chr18	9726684	9726861	178	*
chr18	10813614	10813789	176	*
chr19	5873806	5873930	125	*
chr19	6040402	6040572	171	*
chr19	6043042	6043439	398	*
chr19	6189939	6190199	261	*
chr19	6618806	6619318	513	*
chr19	6867613	6867852	240	*
chr19	6935088	6935246	159	*
chr19	7592550	7593258	709	*
chr19	7601682	7602326	645	*
chr19	8201847	8201971	125	*
chr19	8760026	8760445	420	*
chr19	9426437	9426581	145	*
chr19	9435239	9435372	134	*
chr19	9635205	9635340	136	*
chr1	44688341	44688470	130	*
chr2	2033063	2033178	116	*
chr2	2079603	2080174	572	*
chr2	2237912	2238290	379	*
chr1	44867684	44867941	258	*
chr2	5322363	5322634	272	*
chr1	45198856	45199018	163	*
chr2	5460739	5460939	201	*
chr2	6631209	6631371	163	*
chr2	6651584	6651775	192	*
chr2	6671016	6671155	140	*
chr2	6893868	6894016	149	*
chr1	45506701	45506899	199	*
chr2	7672907	7673075	169	*
chr2	8904037	8904372	336	*
chr2	9937532	9937702	171	*
chr2	9971851	9972146	296	*
chr2	10032458	10032601	144	*
chr2	10035331	10035449	119	*
chr2	10043751	10043871	121	*
chr2	10073852	10073963	112	*
chr2	10583758	10583925	168	*
chr1	45859769	45859950	182	*
chr2	12906261	12906402	142	*
chr2	14161264	14161433	170	*
chr2	14162778	14163014	237	*
chr2	14229694	14229824	131	*
chr2	14302818	14303095	278	*
chr2	14307057	14307301	245	*
chr2	14315905	14316061	157	*
chr2	14339687	14339892	206	*
chr2	14694507	14694658	152	*
chr2	14744399	14744502	104	*
chr2	14997703	14997856	154	*
chr2	15338049	15339553	1505	*
chr2	15358743	15359005	263	*
chr2	15547221	15547433	213	*
chr2	16343708	16343815	108	*
chr2	16935040	16935593	554	*
chr2	16941908	16942147	240	*
chr2	16983244	16983764	521	*
chr2	17011943	17012148	206	*
chr2	17707646	17708120	475	*
chr2	17954976	17955166	191	*
chr2	18048529	18048890	362	*
chr2	18050542	18051068	527	*
chr2	18339518	18339637	120	*
chr2	19126426	19126651	226	*
chr2	19148395	19148537	143	*
chr2	19189888	19190014	127	*
chr2	19377776	19377946	171	*
chr2	19689556	19689842	287	*
chr2	19873126	19873315	190	*
chr2	20541134	20541424	291	*
chr2	20593734	20593884	151	*
chr2	20599173	20599326	154	*
chr2	20934730	20934937	208	*
chr2	20949438	20949562	125	*
chr2	20959534	20959656	123	*
chr1	46742133	46742263	131	*
chr2	22592879	22593051	173	*
chr2	22614230	22614731	502	*
chr1	46950169	46951035	867	*
chr2	23787304	23787445	142	*
chr2	23823050	23823290	241	*
chr2	23959464	23959589	126	*
chr2	24082186	24082346	161	*
chr1	47214618	47214793	176	*
chr2	26128057	26128632	576	*
chr2	27468018	27468130	113	*
chr2	27625761	27626024	264	*
chr1	47560433	47560564	132	*
chr1	47562632	47562767	136	*
chr1	47570344	47570451	108	*
chr1	47597441	47597599	159	*
chr2	29788455	29788756	302	*
chr2	30425575	30425814	240	*
chr1	47651373	47651567	195	*
chr2	31590075	31590217	143	*
chr2	31593224	31593397	174	*
chr2	32183815	32185127	1313	*
chr2	32714893	32715044	152	*
chr2	33777022	33777157	136	*
chr2	34051578	34051727	150	*
chr1	47754882	47755034	153	*
chr2	34571512	34574013	2502	*
chr2	34577034	34577298	265	*
chr2	34604057	34604175	119	*
chr2	34771819	34771956	138	*
chr2	34787932	34788230	299	*
chr2	35560873	35561047	175	*
chr2	35622695	35622940	246	*
chr2	36205882	36205991	110	*
chr2	36209382	36209617	236	*
chr2	36989663	36989825	163	*
chr2	37014303	37014521	219	*
chr2	38401646	38401788	143	*
chr2	38410406	38410571	166	*
chr2	39109590	39109825	236	*
chr2	39401793	39401989	197	*
chr2	39479199	39479324	126	*
chr2	39512765	39512891	127	*
chr2	39541918	39542064	147	*
chr2	40152858	40153019	162	*
chr2	40274883	40275038	156	*
chr2	41216414	41216538	125	*
chr2	41563224	41563821	598	*
chr2	41657804	41657981	178	*
chr2	42203860	42204019	160	*
chr2	42212814	42212950	137	*
chr2	42233295	42233420	126	*
chr2	42238343	42238523	181	*
chr2	42293748	42293969	222	*
chr2	42298815	42298940	126	*
chr2	42544350	42544489	140	*
chr2	42581094	42581402	309	*
chr2	42855151	42855335	185	*
chr2	43080807	43081152	346	*
chr2	43095811	43096171	361	*
chr1	48469713	48470650	938	*
chr1	48473477	48473723	247	*
chr1	48496722	48496880	159	*
chr2	43752888	43753358	471	*
chr1	48499218	48499399	182	*
chr2	43942011	43942138	128	*
chr2	43942990	43943103	114	*
chr2	43983780	43983885	106	*
chr2	44131881	44131999	119	*
chr2	44556439	44556568	130	*
chr1	48586548	48587160	613	*
chr2	44584840	44584967	128	*
chr2	44647025	44647207	183	*
chr2	46071637	46071859	223	*
chr1	48924338	48924484	147	*
chr1	48950508	48950705	198	*
chr2	47974500	47974636	137	*
chr2	48358978	48359112	135	*
chr1	49023266	49023376	111	*
chr2	49000771	49000901	131	*
chr2	49014611	49014725	115	*
chr2	49721399	49722008	610	*
chr2	49927582	49927778	197	*
chr2	49935927	49936061	135	*
chr2	51329567	51329896	330	*
chr2	51416829	51416981	153	*
chr2	51421150	51421384	235	*
chr2	51474722	51474876	155	*
chr1	49352354	49353295	942	*
chr1	49375507	49375613	107	*
chr2	55626729	55626961	233	*
chr1	49447244	49447377	134	*
chr2	56020417	56020603	187	*
chr1	49447686	49447829	144	*
chr2	56245771	56245996	226	*
chr2	56717573	56717740	168	*
chr2	56721446	56721558	113	*
chr2	56755231	56755614	384	*
chr2	57833044	57833161	118	*
chr2	59183421	59183861	441	*
chr2	60355424	60355560	137	*
chr2	60356594	60356775	182	*
chr2	60361556	60361755	200	*
chr2	60362879	60363092	214	*
chr2	60456204	60456392	189	*
chr2	60470314	60470455	142	*
chr2	60481985	60482165	181	*
chr2	60528042	60528258	217	*
chr2	60535663	60535871	209	*
chr2	60552702	60552825	124	*
chr2	61578912	61579434	523	*
chr1	49706240	49706350	111	*
chr1	49707089	49707359	271	*
chr2	62005211	62005317	107	*
chr2	62199230	62200157	928	*
chr2	62221842	62221993	152	*
chr2	62957870	62958075	206	*
chr1	49799792	49799925	134	*
chr2	65588460	65588687	228	*
chr2	65637690	65638375	686	*
chr2	66296245	66297303	1059	*
chr2	68035290	68035511	222	*
chr2	68137149	68138449	1301	*
chr2	68283758	68283865	108	*
chr1	50052650	50052908	259	*
chr2	68291304	68291424	121	*
chr1	50119740	50120658	919	*
chr1	50127019	50127176	158	*
chr2	75630177	75630278	102	*
chr1	50137218	50137563	346	*
chr2	75791389	75791671	283	*
chr2	75831407	75832149	743	*
chr2	76338198	76338348	151	*
chr2	76342763	76342934	172	*
chr2	76345116	76345377	262	*
chr2	76415437	76415639	203	*
chr2	76422972	76423115	144	*
chr2	76497339	76497857	519	*
chr1	50227168	50227267	100	*
chr2	77817048	77817452	405	*
chr2	77959483	77959677	195	*
chr2	78003702	78003966	265	*
chr2	78840324	78840486	163	*
chr1	50420931	50421164	234	*
chr1	50429315	50429486	172	*
chr2	83389905	83390426	522	*
chr2	83417464	83417667	204	*
chr1	50444803	50444973	171	*
chr2	84211095	84211217	123	*
chr2	84383599	84383765	167	*
chr2	84632463	84632640	178	*
chr2	84696108	84696283	176	*
chr1	50463360	50463529	170	*
chr2	88236293	88236423	131	*
chr2	88926836	88926952	117	*
chr2	89374679	89374874	196	*
chr2	89376208	89376432	225	*
chr2	89381540	89381724	185	*
chr2	90223742	90224111	370	*
chr2	90225516	90225701	186	*
chr2	90602612	90602790	179	*
chr2	90637589	90637757	169	*
chr2	91334830	91338500	3671	*
chr2	91394614	91395622	1009	*
chr2	91589130	91589260	131	*
chr1	50893945	50894271	327	*
chr2	91773213	91773717	505	*
chr2	91880733	91881421	689	*
chr2	91884704	91884879	176	*
chr2	92538754	92538882	129	*
chr2	92541138	92541751	614	*
chr1	51024076	51024186	111	*
chr1	51027585	51027720	136	*
chr2	96988078	96988392	315	*
chr2	97227891	97228023	133	*
chr2	97295119	97295257	139	*
chr2	97943942	97944118	177	*
chr2	97974995	97975102	108	*
chr2	97982265	97982401	137	*
chr2	98013875	98014073	199	*
chr2	98062350	98062457	108	*
chr2	99131769	99132171	403	*
chr2	99135602	99136099	498	*
chr2	100201549	100201747	199	*
chr2	100210254	100210356	103	*
chr2	100663734	100664749	1016	*
chr2	102382267	102382471	205	*
chr2	102385495	102385695	201	*
chr2	102846618	102846740	123	*
chr2	103027682	103027848	167	*
chr2	103265264	103265676	413	*
chr2	103316279	103316484	206	*
chr2	103742482	103745844	3363	*
chr2	104282990	104283210	221	*
chr2	106304585	106304754	170	*
chr2	106347819	106347997	179	*
chr1	51694948	51695075	128	*
chr1	51698330	51698893	564	*
chr2	106977177	106977377	201	*
chr2	107000232	107000465	234	*
chr2	107010581	107013197	2617	*
chr2	107096886	107097022	137	*
chr2	107140845	107141180	336	*
chr2	107485376	107485561	186	*
chr2	107524756	107524931	176	*
chr2	107662641	107662839	199	*
chr2	108429949	108430228	280	*
chr2	109000746	109001020	275	*
chr2	109571348	109572318	971	*
chr2	109963772	109963910	139	*
chr2	111198816	111198959	144	*
chr2	112191642	112191884	243	*
chr1	51947358	51947513	156	*
chr2	112729214	112729324	111	*
chr2	113194069	113194587	519	*
chr2	113368345	113368510	166	*
chr2	113602572	113602741	170	*
chr1	51984303	51984870	568	*
chr1	51989379	51989649	271	*
chr2	114404388	114405795	1408	*
chr2	115408454	115408648	195	*
chr2	115692202	115692360	159	*
chr2	116306983	116307144	162	*
chr2	116541990	116543266	1277	*
chr2	116936367	116936496	130	*
chr2	118181364	118182149	786	*
chr2	119315362	119319281	3920	*
chr2	119425353	119425599	247	*
chr2	119428503	119430542	2040	*
chr2	120246696	120246990	295	*
chr2	120287617	120287742	126	*
chr1	53066165	53066284	120	*
chr2	121024554	121024667	114	*
chr2	121120567	121120860	294	*
chr2	124748875	124749002	128	*
chr2	125728482	125728745	264	*
chr2	125773661	125773812	152	*
chr2	126010502	126011293	792	*
chr2	126049593	126049743	151	*
chr1	53402441	53402603	163	*
chr2	126181080	126181248	169	*
chr2	126189865	126190006	142	*
chr1	53407217	53407364	148	*
chr2	127547230	127548681	1452	*
chr2	127713584	127713819	236	*
chr1	53690928	53691105	178	*
chr2	128147174	128147361	188	*
chr2	128159312	128159649	338	*
chr1	53736562	53736686	125	*
chr1	53754131	53754300	170	*
chr2	128722011	128722207	197	*
chr2	128985081	128985766	686	*
chr2	128993162	128993414	253	*
chr2	129030861	129030984	124	*
chr2	129180627	129180729	103	*
chr2	129595172	129595310	139	*
chr2	129609875	129610045	171	*
chr2	129611735	129611914	180	*
chr2	129704997	129705137	141	*
chr2	129792145	129792790	646	*
chr2	130480795	130484292	3498	*
chr1	53907346	53908006	661	*
chr2	133609611	133609752	142	*
chr2	133755454	133755601	148	*
chr2	134174390	134174580	191	*
chr2	134839623	134840848	1226	*
chr1	53975646	53975804	159	*
chr1	53976856	53978097	1242	*
chr2	134989850	134990984	1135	*
chr2	135002576	135003519	944	*
chr2	135875953	135876137	185	*
chr2	135885169	135885278	110	*
chr2	135885952	135886081	130	*
chr2	135892384	135892595	212	*
chr2	136144163	136144360	198	*
chr1	54216227	54216335	109	*
chr1	54238752	54238955	204	*
chr2	138166356	138166497	142	*
chr1	54272841	54272946	106	*
chr2	138709713	138709898	186	*
chr2	140462127	140462976	850	*
chr2	140574061	140574594	534	*
chr2	140875100	140875672	573	*
chr2	141411832	141411972	141	*
chr2	141415615	141415848	234	*
chr2	141423150	141423251	102	*
chr2	141720271	141720556	286	*
chr2	142577876	142578031	156	*
chr2	143186641	143188037	1397	*
chr1	54663668	54663901	234	*
chr1	54667635	54667832	198	*
chr2	144266539	144266658	120	*
chr2	144269529	144269702	174	*
chr2	144269981	144270096	116	*
chr1	54671126	54671295	170	*
chr2	145014210	145015073	864	*
chr2	145414546	145414711	166	*
chr2	147684336	147684515	180	*
chr2	147768053	147768184	132	*
chr2	147801558	147801782	225	*
chr1	54759709	54759808	100	*
chr20	79511	79655	145	*
chr20	563225	563424	200	*
chr1	55451144	55451251	108	*
chr20	5318619	5318766	148	*
chr20	6199647	6199797	151	*
chr20	6526059	6527380	1322	*
chr20	6623615	6624207	593	*
chr20	6822321	6822439	119	*
chr20	7705310	7705876	567	*
chr20	7727241	7727468	228	*
chr20	9104919	9105072	154	*
chr20	9119744	9119975	232	*
chr1	56060977	56062086	1110	*
chr20	9773357	9773713	357	*
chr20	10607994	10608199	206	*
chr20	10613571	10613796	226	*
chr20	10918264	10918659	396	*
chr20	10920690	10920827	138	*
chr20	12628201	12629946	1746	*
chr20	13419992	13420142	151	*
chr1	56700655	56700816	162	*
chr20	13885519	13885706	188	*
chr21	347845	347980	136	*
chr1	6775093	6775304	212	*
chr1	56865497	56865632	136	*
chr21	4219731	4219831	101	*
chr21	4266207	4266744	538	*
chr1	6799396	6800183	788	*
chr21	5132644	5133422	779	*
chr1	6817229	6817408	180	*
chr1	57552322	57552467	146	*
chr22	1597633	1597830	198	*
chr22	2627264	2627423	160	*
chr1	58658512	58659136	625	*
chr1	58669238	58669367	130	*
chr1	58671824	58671969	146	*
chr23	149325	149432	108	*
chr23	160369	160616	248	*
chr23	1011425	1011705	281	*
chr23	1355289	1355539	251	*
chr1	58934876	58935053	178	*
chr1	59094574	59094784	211	*
chr1	59107568	59108007	440	*
chr23	2890843	2891078	236	*
chr1	59125923	59126310	388	*
chr1	59126345	59127027	683	*
chr1	59132333	59132840	508	*
chr1	59628736	59628838	103	*
chr1	59652713	59652971	259	*
chr23	5621650	5621859	210	*
chr24	95202	95323	122	*
chr24	1653429	1653768	340	*
chr1	60088228	60088402	175	*
chr24	2472644	2472813	170	*
chr24	2481786	2481925	140	*
chr1	60193297	60193439	143	*
chr24	3622664	3622959	296	*
chr24	3907610	3907847	238	*
chr1	60249917	60250103	187	*
chr1	60255548	60255714	167	*
chr24	4729718	4729942	225	*
chr1	60353249	60353380	132	*
chr1	60461962	60462143	182	*
chr1	60519709	60519915	207	*
chr25	3331225	3331396	172	*
chr1	60629339	60629507	169	*
chr1	60779856	60780011	156	*
chr26	515106	515330	225	*
chr26	585639	585810	172	*
chr1	61013859	61014371	513	*
chr26	1673656	1673761	106	*
chr26	1709841	1710018	178	*
chr1	61201234	61201566	333	*
chr1	61428504	61428686	183	*
chr1	61516373	61516529	157	*
chr1	61528007	61528214	208	*
chr1	61531759	61531885	127	*
chr27	7588550	7588659	110	*
chr1	61959743	61959902	160	*
chr1	61962311	61962528	218	*
chr28	4334032	4334279	248	*
chr3	223356	223984	629	*
chr3	317681	317972	292	*
chr1	63243106	63243236	131	*
chr1	63352262	63352614	353	*
chr3	4105692	4105968	277	*
chr3	4377461	4377640	180	*
chr3	4390948	4391102	155	*
chr3	4684823	4686845	2023	*
chr3	5601895	5602165	271	*
chr3	9090111	9090358	248	*
chr3	9401432	9401653	222	*
chr3	9412268	9412382	115	*
chr3	9419183	9419318	136	*
chr3	10219809	10220069	261	*
chr3	10404777	10404933	157	*
chr3	10658091	10658751	661	*
chr3	10659343	10659499	157	*
chr3	12111818	12112399	582	*
chr1	64483240	64483467	228	*
chr3	14300238	14300488	251	*
chr1	64490373	64490762	390	*
chr1	64500246	64500351	106	*
chr1	64503471	64503592	122	*
chr1	64582118	64582308	191	*
chr3	16534440	16534580	141	*
chr3	16535364	16535507	144	*
chr3	16713669	16714169	501	*
chr3	16831458	16831559	102	*
chr3	17653068	17653203	136	*
chr3	17774417	17774591	175	*
chr3	17988159	17990781	2623	*
chr3	18093323	18093492	170	*
chr1	65212125	65212275	151	*
chr3	20458667	20458853	187	*
chr3	20494311	20494542	232	*
chr3	20520592	20520953	362	*
chr3	20747747	20748235	489	*
chr3	20844505	20844608	104	*
chr3	21251093	21251325	233	*
chr3	22060565	22060687	123	*
chr3	22511988	22512196	209	*
chr3	22834630	22835126	497	*
chr3	22849042	22849521	480	*
chr3	22875619	22875848	230	*
chr3	22966377	22966703	327	*
chr3	23099538	23099876	339	*
chr3	23817625	23817779	155	*
chr3	23825248	23825392	145	*
chr3	24028612	24029274	663	*
chr3	24098649	24098806	158	*
chr3	25419507	25419773	267	*
chr3	25422143	25422905	763	*
chr1	65921277	65921958	682	*
chr3	26213400	26213549	150	*
chr3	26524773	26524925	153	*
chr3	26527679	26527898	220	*
chr3	28831300	28831433	134	*
chr3	30507415	30507594	180	*
chr3	31139311	31139755	445	*
chr3	31149313	31149463	151	*
chr3	31678091	31678413	323	*
chr3	31695050	31695165	116	*
chr3	31732622	31732839	218	*
chr3	31763177	31763418	242	*
chr3	31767644	31767845	202	*
chr3	31768242	31768387	146	*
chr3	32041843	32042421	579	*
chr3	32148078	32148186	109	*
chr3	32226723	32226869	147	*
chr3	32377790	32378011	222	*
chr3	33656004	33656309	306	*
chr3	34787085	34787333	249	*
chr3	35150591	35150721	131	*
chr3	35286070	35286242	173	*
chr3	35298422	35298712	291	*
chr3	35398434	35398682	249	*
chr3	35400026	35400197	172	*
chr3	35573435	35573649	215	*
chr1	66522651	66522764	114	*
chr3	36291906	36292342	437	*
chr1	66542765	66542931	167	*
chr1	66544592	66544964	373	*
chr3	37298416	37298544	129	*
chr3	37356446	37356594	149	*
chr3	37361006	37361158	153	*
chr3	37371943	37372061	119	*
chr3	37392841	37393028	188	*
chr3	37497268	37497368	101	*
chr3	37808473	37808584	112	*
chr3	37809816	37809964	149	*
chr3	38260446	38260892	447	*
chr1	66903770	66903889	120	*
chr3	38571742	38572003	262	*
chr3	38908181	38908368	188	*
chr3	38950471	38950641	171	*
chr3	39293941	39294125	185	*
chr3	39327004	39327267	264	*
chr3	39351268	39351419	152	*
chr3	39358075	39358292	218	*
chr1	66944950	66945100	151	*
chr3	39874073	39874543	471	*
chr3	40169828	40170560	733	*
chr3	40361372	40361489	118	*
chr1	67084497	67084598	102	*
chr3	41231252	41231478	227	*
chr3	42139353	42139473	121	*
chr3	42282247	42282415	169	*
chr3	43411117	43411272	156	*
chr3	43415538	43415692	155	*
chr3	43424985	43425226	242	*
chr3	45299163	45299350	188	*
chr3	45364368	45364534	167	*
chr3	45399728	45400715	988	*
chr3	45922606	45922954	349	*
chr3	46141803	46141984	182	*
chr3	46307500	46307651	152	*
chr3	46645960	46647101	1142	*
chr3	47304669	47304895	227	*
chr3	47305476	47305693	218	*
chr1	67838407	67838600	194	*
chr3	48011763	48011924	162	*
chr3	48033709	48033877	169	*
chr3	48169249	48169453	205	*
chr1	67873283	67873387	105	*
chr3	48295570	48295934	365	*
chr3	48300954	48301337	384	*
chr1	67966945	67967104	160	*
chr3	48824954	48825061	108	*
chr3	49264783	49265093	311	*
chr3	49354246	49354453	208	*
chr3	50761313	50761464	152	*
chr3	51560116	51560260	145	*
chr3	51562207	51564051	1845	*
chr3	51837362	51837500	139	*
chr3	51916371	51916527	157	*
chr3	52001524	52002273	750	*
chr3	52109784	52110091	308	*
chr3	52844306	52844660	355	*
chr3	52853976	52854156	181	*
chr3	54439525	54439958	434	*
chr1	68494195	68494315	121	*
chr3	55300854	55301777	924	*
chr1	68564327	68564670	344	*
chr1	68577622	68577874	253	*
chr3	56488951	56489186	236	*
chr1	68631309	68631548	240	*
chr1	68647245	68647560	316	*
chr1	69760075	69760220	146	*
chr3	66837814	66837976	163	*
chr3	67485963	67486246	284	*
chr3	67738395	67739938	1544	*
chr3	67823236	67823435	200	*
chr3	68318090	68318243	154	*
chr3	68939837	68940084	248	*
chr3	68978416	68978612	197	*
chr3	69028951	69029055	105	*
chr3	69059590	69059731	142	*
chr3	70855462	70855655	194	*
chr3	70870266	70870444	179	*
chr1	70488887	70488996	110	*
chr3	71421080	71421203	124	*
chr3	73919587	73920268	682	*
chr3	74023916	74024268	353	*
chr3	74045399	74045616	218	*
chr3	74052331	74052504	174	*
chr1	71266678	71266889	212	*
chr1	71271167	71271498	332	*
chr3	76185541	76186979	1439	*
chr3	76885662	76885784	123	*
chr3	77261079	77261859	781	*
chr1	71571590	71571747	158	*
chr3	77852563	77852674	112	*
chr3	78462765	78463601	837	*
chr3	79056474	79056627	154	*
chr3	79288572	79288763	192	*
chr3	80084886	80085497	612	*
chr3	80085616	80085940	325	*
chr3	80815604	80815762	159	*
chr3	80821884	80822368	485	*
chr3	80861538	80861694	157	*
chr3	87360753	87361227	475	*
chr3	87594117	87594254	138	*
chr3	87609406	87609670	265	*
chr3	88615548	88615713	166	*
chr3	88635548	88635751	204	*
chr3	93618779	93618981	203	*
chr3	96232029	96232188	160	*
chr3	96785934	96786114	181	*
chr3	97860212	97860501	290	*
chr3	97877827	97879154	1328	*
chr1	75335919	75336089	171	*
chr1	8967378	8967570	193	*
chr1	8969756	8969871	116	*
chr3	101588366	101588502	137	*
chr3	101615646	101615848	203	*
chr1	75877413	75877561	149	*
chr1	77477869	77478066	198	*
chr3	108221196	108221504	309	*
chr3	108226376	108226554	179	*
chr3	108241522	108241989	468	*
chr3	108315862	108316352	491	*
chr3	108764688	108764844	157	*
chr3	109442509	109443134	626	*
chr3	109835610	109835726	117	*
chr3	110161728	110163386	1659	*
chr3	110220129	110220676	548	*
chr3	110245487	110245947	461	*
chr33	4703140	4703310	171	*
chr1	77759535	77759922	388	*
chr1	77761073	77761190	118	*
chr1	77762741	77763055	315	*
chr4	290555	290655	101	*
chr4	493428	493588	161	*
chr4	1026046	1026354	309	*
chr4	2278123	2278437	315	*
chr4	2814044	2814310	267	*
chr1	78005846	78005972	127	*
chr1	78009020	78009165	146	*
chr4	4750757	4751695	939	*
chr4	8293443	8293601	159	*
chr1	78109780	78110025	246	*
chr4	10644172	10644733	562	*
chr4	10855131	10855292	162	*
chr4	12138002	12138354	353	*
chr4	12263600	12263836	237	*
chr4	12264784	12265021	238	*
chr4	12800835	12801088	254	*
chr4	14230356	14230477	122	*
chr4	15386417	15386681	265	*
chr4	15462035	15462198	164	*
chr4	15520804	15521811	1008	*
chr4	15778560	15779306	747	*
chr4	15788837	15789195	359	*
chr4	15790258	15790379	122	*
chr4	15817607	15817800	194	*
chr4	19836679	19836868	190	*
chr4	19845449	19845638	190	*
chr4	20064491	20065001	511	*
chr1	79978312	79978429	118	*
chr4	21489776	21490234	459	*
chr4	23824794	23824908	115	*
chr4	24154237	24154378	142	*
chr4	26895759	26896181	423	*
chr4	30977667	30977915	249	*
chr4	31007075	31007207	133	*
chr4	32122578	32123181	604	*
chr4	32132723	32132889	167	*
chr4	32152951	32153299	349	*
chr4	32316846	32316988	143	*
chr1	81033070	81033224	155	*
chr1	81037594	81037738	145	*
chr4	33775014	33775577	564	*
chr4	34322663	34323379	717	*
chr4	34434487	34434887	401	*
chr4	34675918	34676083	166	*
chr4	35050449	35050712	264	*
chr1	81262468	81262595	128	*
chr4	37901389	37901496	108	*
chr4	37906254	37906441	188	*
chr4	37984052	37984513	462	*
chr4	38814779	38814954	176	*
chr4	38817037	38817150	114	*
chr4	39754842	39754973	132	*
chr4	40054647	40055851	1205	*
chr4	40168050	40168309	260	*
chr4	43681591	43681796	206	*
chr1	81708338	81708505	168	*
chr1	81709473	81709605	133	*
chr4	44176463	44176663	201	*
chr1	9479943	9480100	158	*
chr4	45957990	45958170	181	*
chr4	51760971	51761433	463	*
chr1	9513129	9513759	631	*
chr4	53633809	53633968	160	*
chr4	53903282	53903407	126	*
chr4	54689392	54689523	132	*
chr4	54776092	54776350	259	*
chr4	56273068	56273936	869	*
chr4	58104296	58104479	184	*
chr4	58305962	58306089	128	*
chr4	60914233	60914339	107	*
chr4	61072574	61072840	267	*
chr4	65206037	65206183	147	*
chr1	82901723	82901867	145	*
chr4	66587327	66587446	120	*
chr4	69129848	69129967	120	*
chr4	69134276	69134416	141	*
chr4	69137625	69137760	136	*
chr4	69150120	69150483	364	*
chr4	73577106	73577340	235	*
chr4	73733030	73733497	468	*
chr4	74073493	74073712	220	*
chr4	74085433	74086350	918	*
chr4	74100595	74100934	340	*
chr4	74910111	74910243	133	*
chr4	75023703	75023831	129	*
chr4	75044444	75044741	298	*
chr4	75867453	75869006	1554	*
chr4	76330340	76330551	212	*
chr4	76335101	76335345	245	*
chr4	76371535	76371718	184	*
chr4	76380847	76381151	305	*
chr4	82311012	82311163	152	*
chr4	83423950	83424231	282	*
chr4	84738309	84738629	321	*
chr4	84748404	84748624	221	*
chr4	84756852	84756975	124	*
chr4	85325878	85326089	212	*
chr4	85650333	85650496	164	*
chr4	87426963	87427398	436	*
chr4	88640642	88640784	143	*
chr5	4907727	4908027	301	*
chr5	8030380	8030754	375	*
chr5	9015372	9015532	161	*
chr5	9020130	9020341	212	*
chr5	9357680	9357795	116	*
chr5	10587068	10587192	125	*
chr5	10665713	10665823	111	*
chr5	11500798	11500975	178	*
chr5	12729648	12729772	125	*
chr5	14214973	14215098	126	*
chr5	14547026	14547294	269	*
chr5	14629778	14629906	129	*
chr1	86440669	86440988	320	*
chr5	15323201	15323415	215	*
chr5	17786573	17786733	161	*
chr5	22842139	22842465	327	*
chr1	87697117	87697234	118	*
chr5	23881661	23882665	1005	*
chr5	24125855	24125977	123	*
chr1	87727914	87728035	122	*
chr1	10682134	10682235	102	*
chr5	25155395	25155512	118	*
chr5	25159489	25159674	186	*
chr5	25181050	25181174	125	*
chr5	25887653	25887833	181	*
chr5	25948080	25948231	152	*
chr5	26594265	26594428	164	*
chr5	26627268	26627591	324	*
chr5	26667243	26667464	222	*
chr5	26846044	26846213	170	*
chr5	26871751	26871872	122	*
chr5	26873179	26873279	101	*
chr1	10717482	10717606	125	*
chr5	28483570	28483858	289	*
chr5	28495728	28495843	116	*
chr5	28505967	28506143	177	*
chr5	29263678	29264712	1035	*
chr5	30441999	30442241	243	*
chr5	30444407	30444553	147	*
chr5	31442403	31442561	159	*
chr5	32483087	32483256	170	*
chr5	32503251	32504279	1029	*
chr5	33057504	33060841	3338	*
chr5	33183733	33183913	181	*
chr5	34384754	34384872	119	*
chr1	10824303	10824429	127	*
chr5	36929568	36930215	648	*
chr5	37895399	37895498	100	*
chr5	38038593	38038751	159	*
chr1	10842218	10842369	152	*
chr5	38404021	38404158	138	*
chr5	39511083	39511189	107	*
chr5	40756920	40757391	472	*
chr5	44331689	44331902	214	*
chr5	45246367	45246781	415	*
chr5	46022650	46022818	169	*
chr5	46025450	46025729	280	*
chr5	46027527	46027802	276	*
chr5	46688477	46688717	241	*
chr5	46698210	46698336	127	*
chr5	48147937	48148179	243	*
chr5	48610804	48610986	183	*
chr5	48721709	48722888	1180	*
chr5	49605540	49605654	115	*
chr5	54168654	54168781	128	*
chr1	93080610	93080962	353	*
chr1	11285215	11285368	154	*
chr1	93084523	93084715	193	*
chr1	93104264	93104413	150	*
chr5	57851567	57852110	544	*
chr5	58714785	58715417	633	*
chr6	2988910	2989064	155	*
chr6	5939065	5939182	118	*
chr6	7570948	7572592	1645	*
chr6	7572829	7573167	339	*
chr6	8562352	8562523	172	*
chr6	8633736	8634677	942	*
chr6	8671477	8672203	727	*
chr6	8947140	8947411	272	*
chr6	9000790	9001081	292	*
chr1	93889927	93890671	745	*
chr6	9725109	9725240	132	*
chr6	9733939	9736228	2290	*
chr6	9739685	9741218	1534	*
chr6	9743200	9743345	146	*
chr6	9810538	9810669	132	*
chr6	14519586	14519700	115	*
chr1	11535085	11535240	156	*
chr6	17956586	17956766	181	*
chr6	18507435	18507679	245	*
chr6	19860099	19860227	129	*
chr6	20066540	20066708	169	*
chr6	20561643	20561747	105	*
chr6	20575150	20575825	676	*
chr6	21260186	21261429	1244	*
chr6	21787482	21787676	195	*
chr6	23101847	23102006	160	*
chr6	23486770	23486884	115	*
chr6	23488101	23488232	132	*
chr6	24472505	24472690	186	*
chr6	24556225	24556360	136	*
chr6	28153219	28153371	153	*
chr6	28162902	28163073	172	*
chr6	30035411	30035601	191	*
chr6	31892121	31892475	355	*
chr1	12440521	12441220	700	*
chr7	254781	255191	411	*
chr7	3672645	3672795	151	*
chr7	3760229	3760345	117	*
chr1	12508817	12509013	197	*
chr7	6252370	6252496	127	*
chr7	7324952	7325168	217	*
chr1	12535065	12535270	206	*
chr7	11292863	11293011	149	*
chr7	14571065	14571316	252	*
chr7	16276511	16276915	405	*
chr7	17092925	17094306	1382	*
chr7	17716958	17717190	233	*
chr7	17901625	17902533	909	*
chr7	17966166	17966326	161	*
chr1	12627916	12628031	116	*
chr7	19832327	19832515	189	*
chr7	19835727	19835888	162	*
chr7	19869656	19869813	158	*
chr7	21110818	21111026	209	*
chr7	21397739	21397913	175	*
chr7	21702940	21703129	190	*
chr7	21845972	21846098	127	*
chr7	25566777	25567712	936	*
chr7	27031823	27031979	157	*
chr7	27156540	27156728	189	*
chr7	30708279	30708727	449	*
chr7	32964986	32966025	1040	*
chr7	33320232	33322236	2005	*
chr7	33325285	33325995	711	*
chr7	33333008	33333115	108	*
chr1	105357218	105357361	144	*
chr7	36562488	36562661	174	*
chr7	36597772	36598392	621	*
chr8	3785602	3786003	402	*
chr8	4419306	4419500	195	*
chr8	4620737	4620838	102	*
chr8	5603650	5603860	211	*
chr8	6686079	6686178	100	*
chr8	7542832	7542978	147	*
chr8	13720013	13720166	154	*
chr1	13121138	13121239	102	*
chr8	14042063	14042255	193	*
chr1	13121299	13121401	103	*
chr8	16326269	16326746	478	*
chr8	17787732	17789405	1674	*
chr8	17799675	17799879	205	*
chr8	17812003	17812252	250	*
chr8	19615248	19615425	178	*
chr8	20091674	20091893	220	*
chr8	20642124	20642228	105	*
chr8	20662364	20662518	155	*
chr8	21245608	21245748	141	*
chr1	13193523	13193701	179	*
chr1	13194070	13194282	213	*
chr8	23935174	23935525	352	*
chr8	23966632	23966792	161	*
chr8	23967173	23967409	237	*
chr8	24413239	24413469	231	*
chr8	24415324	24415520	197	*
chr8	24430689	24430877	189	*
chr1	13199316	13199514	199	*
chr8	25031488	25031664	177	*
chr8	25525306	25525415	110	*
chr8	26213044	26213603	560	*
chr8	26214840	26214958	119	*
chr8	27401810	27402357	548	*
chr8	27596320	27596590	271	*
chr1	108514906	108515075	170	*
chr1	108522603	108523400	798	*
chr8	28657718	28657958	241	*
chr9	1166051	1166162	112	*
chr9	1215609	1215823	215	*
chr9	1668143	1668256	114	*
chr9	8481134	8481395	262	*
chr9	10399208	10399411	204	*
chr1	13248765	13248946	182	*
chr9	14961093	14961310	218	*
chr9	15019925	15020088	164	*
chr9	15982636	15982756	121	*
chr9	16551223	16551383	161	*
chr9	18178755	18178888	134	*
chr9	18887915	18888216	302	*
chr1	111046738	111046840	103	*
chr9	19463541	19463756	216	*
chr9	21151537	21151777	241	*
chr1	111407709	111407835	127	*
chr1	111410071	111410377	307	*
chr1	13348110	13348219	110	*
chr1	112346810	112346945	136	*
chr1	114498952	114499223	272	*
chr1	116230107	116230451	345	*
chr1	116793393	116793817	425	*
chr1	116989491	116989591	101	*
chr1	119518551	119518719	169	*
chr1	119524444	119524565	122	*
chr1	119678698	119679490	793	*
chr1	121599178	121599300	123	*
chr1	122671745	122671877	133	*
chr1	14569185	14569463	279	*
chr1	14684642	14684841	200	*
chr1	124305393	124305859	467	*
chr1	14688575	14688740	166	*
chr1	14691850	14692026	177	*
chr1	126003619	126004416	798	*
chr1	126548823	126549464	642	*
chr1	126551573	126551744	172	*
chr1	126562058	126562171	114	*
chr1	127164600	127164828	229	*
chr1	129762577	129762748	172	*
chr1	14952028	14952201	174	*
chr1	15000702	15000814	113	*
chr1	131750931	131751105	175	*
chr1	131840970	131841102	133	*
chr1	131867941	131868137	197	*
chr1	131885306	131885473	168	*
chr1	131892470	131892643	174	*
chr1	132734224	132734449	226	*
chr1	133236335	133237707	1373	*
chr1	133256256	133256384	129	*
chr1	133438495	133438600	106	*
chr1	133462614	133462780	167	*
chr1	133661330	133661476	147	*
chr1	133689719	133689843	125	*
chr1	133884578	133884778	201	*
chr1	15108763	15108916	154	*
chr1	134413968	134414211	244	*
chr1	134623994	134624148	155	*
chr1	15124272	15124439	168	*
chr1	15146670	15146874	205	*
chr1	135306534	135307010	477	*
chr1	135311684	135311965	282	*
chr1	136363801	136363982	182	*
chr1	138395571	138395687	117	*
chr1	138455627	138455787	161	*
chr1	138698963	138699121	159	*
chr1	138707219	138707377	159	*
chr1	140184879	140184986	108	*
chr1	142502747	142503940	1194	*
chr1	142504976	142505162	187	*
chr1	142553672	142555297	1626	*
chr1	144408605	144408958	354	*
chr1	144788628	144788841	214	*
chr1	146291707	146291957	251	*
chr1	146340222	146340329	108	*
chr1	146366765	146366975	211	*
chr1	146388796	146388969	174	*
chr1	146390125	146390247	123	*
chr1	146764190	146764690	501	*
chr1	146782504	146782668	165	*
chr1	146787513	146787803	291	*
chr1	147510743	147510962	220	*
chr1	158231111	158231368	258	*
chr1	158297710	158297854	145	*
chr1	163532332	163532486	155	*
chr1	163549079	163549275	197	*
chr1	18928570	18929112	543	*
chr1	18937340	18937475	136	*
chr1	18955843	18956542	700	*
chr1	18967151	18967345	195	*
chr1	18979179	18980577	1399	*
chr1	19016460	19018731	2272	*
chr1	167095527	167095728	202	*
chr1	169356376	169356499	124	*
chr1	169695559	169695763	205	*
chr1	170084195	170084335	141	*
chr1	170402716	170402876	161	*
chr1	170474628	170474777	150	*
chr1	170486991	170487121	131	*
chr1	170604541	170604645	105	*
chr1	171513377	171513501	125	*
chr1	171958263	171959639	1377	*
chr1	173759460	173759895	436	*
chr1	173780191	173780436	246	*
chr1	174400104	174400716	613	*
chr1	174449838	174449997	160	*
chr1	174520514	174521695	1182	*
chr1	174644507	174644645	139	*
chr1	174692918	174693119	202	*
chr1	174699883	174700120	238	*
chr1	174707455	174707562	108	*
chr1	174731541	174731694	154	*
chr1	174738992	174739147	156	*
chr1	175734348	175734876	529	*
chr1	175743645	175743805	161	*
chr1	175748035	175748178	144	*
chr1	175767535	175767709	175	*
chr1	176493920	176494090	171	*
chr1	20399101	20399253	153	*
chr1	177180418	177180818	401	*
chr1	177256649	177257051	403	*
chr1	179687217	179687717	501	*
chr1	180101915	180102099	185	*
chr1	180104299	180104599	301	*
chr1	180107535	180107688	154	*
chr1	180111652	180112084	433	*
chr1	180968314	180968567	254	*
chr1	181473432	181473568	137	*
chr1	181604179	181604302	124	*
chr1	181640898	181641067	170	*
chr1	182497711	182498984	1274	*
chr1	182504756	182505220	465	*
chr1	183975920	183976708	789	*
chr1	183991667	183991889	223	*
chr1	184053911	184054196	286	*
chr1	184497539	184497704	166	*
chr1	186515734	186515850	117	*
chr1	21985652	21985952	301	*
chr1	21996317	21997134	818	*
chr1	187763944	187764130	187	*
chr1	22211595	22211696	102	*
chr1	22377405	22377542	138	*
chr1	22379388	22379503	116	*
chr1	22396085	22396336	252	*
chr1	189048611	189048711	101	*
chr1	189460042	189461033	992	*
chr1	190014143	190015485	1343	*
chr1	191748800	191748966	167	*
chr1	191753418	191753520	103	*
chr1	191757954	191758104	151	*
chr1	193629169	193629422	254	*
chr1	193735878	193736245	368	*
chr1	193802939	193804106	1168	*
chr1	195327943	195328241	299	*
chr1	196644309	196644509	201	*
chr1	196651446	196651553	108	*
chr10	1799198	1799392	195	*
chr10	2136837	2137120	284	*
chr1	23046455	23046587	133	*
chr10	3288474	3290331	1858	*
chr10	4627169	4627322	154	*
chr10	5474864	5475305	442	*
chr10	5480413	5480546	134	*
chr1	23572208	23572405	198	*
chr1	23647425	23647582	158	*
chr10	7871258	7871357	100	*
chr10	7881850	7881995	146	*
chr10	9253014	9253247	234	*
chr10	9369729	9371944	2216	*
chr10	9376578	9377796	1219	*
chr1	24646872	24647102	231	*
chr1	24653049	24653596	548	*
chr1	24659613	24659848	236	*
chr1	24672470	24672761	292	*
chr1	24684617	24684828	212	*
chr10	10988693	10989330	638	*
chr1	24721244	24721476	233	*
chr10	12562337	12562456	120	*
chr10	13199345	13200360	1016	*
chr1	24878337	24878494	158	*
chr1	25062052	25062275	224	*
chr1	25063455	25063684	230	*
chr1	25201915	25202280	366	*
chr10	16275897	16276182	286	*
chr10	18181274	18181443	170	*
chr10	18508702	18509227	526	*
chr11	1456058	1456165	108	*
chr11	3285014	3285400	387	*
chr1	26101843	26102252	410	*
chr11	5945828	5947396	1569	*
chr11	7381906	7382156	251	*
chr11	7836420	7836609	190	*
chr11	12195756	12197271	1516	*
chr11	14689579	14689944	366	*
chr11	16881788	16882464	677	*
chr1	28567689	28567909	221	*
chr1	28655121	28655277	157	*
chr11	19578850	19580821	1972	*
chr12	1111555	1111805	251	*
chr12	1153083	1153189	107	*
chr1	28843205	28843453	249	*
chr1	29068384	29068583	200	*
chr12	2863603	2864073	471	*
chr1	29102851	29102975	125	*
chr1	29118917	29119491	575	*
chr12	3022584	3023479	896	*
chr12	3094398	3094598	201	*
chr12	5281093	5281550	458	*
chr12	5460112	5460359	248	*
chr12	7511887	7512040	154	*
chr12	7515304	7515484	181	*
chr12	7552379	7552710	332	*
chr12	7552786	7553271	486	*
chr1	29693705	29693823	119	*
chr12	9186750	9186919	170	*
chr12	9195013	9195114	102	*
chr12	9196609	9196755	147	*
chr12	9209444	9209615	172	*
chr12	9325826	9326058	233	*
chr12	9609884	9610093	210	*
chr1	3805203	3805330	128	*
chr12	11401657	11401798	142	*
chr12	11403833	11403941	109	*
chr12	11404527	11404705	179	*
chr12	11723085	11723249	165	*
chr12	11778257	11778440	184	*
chr12	11852251	11852448	198	*
chr12	11868881	11869172	292	*
chr12	12023852	12024230	379	*
chr12	12075969	12076197	229	*
chr12	12081079	12081205	127	*
chr12	12096788	12097146	359	*
chr12	13427248	13427425	178	*
chr12	13492251	13492412	162	*
chr12	13493183	13493337	155	*
chr1	30499774	30499880	107	*
chr12	14829534	14829932	399	*
chr12	15180207	15180379	173	*
chr12	15185435	15185565	131	*
chr12	15931803	15932088	286	*
chr1	30993392	30993778	387	*
chr12	16940234	16940413	180	*
chr1	31231485	31231594	110	*
chr12	18842782	18842962	181	*
chr12	18859613	18859783	171	*
chr12	19765472	19765663	192	*
chr1	31843142	31843486	345	*
chr1	31848442	31848914	473	*
chr13	1335571	1336346	776	*
chr1	31862839	31863069	231	*
chr13	2302872	2303394	523	*
chr13	3221788	3223001	1214	*
chr13	5581898	5582255	358	*
chr13	5588245	5589131	887	*
chr13	5852372	5852516	145	*
chr1	33052536	33052687	152	*
chr1	33080354	33080585	232	*
chr13	8069748	8069847	100	*
chr13	8186617	8186808	192	*
chr1	33140111	33140303	193	*
chr1	33158942	33159092	151	*
chr1	33169693	33169830	138	*
chr13	10518905	10519358	454	*
chr13	10786954	10787223	270	*
chr13	10789774	10790047	274	*
chr1	33673465	33673615	151	*
chr1	33735467	33735694	228	*
chr1	33736378	33736572	195	*
chr1	33736943	33737125	183	*
chr13	13033909	13034141	233	*
chr13	13046312	13046618	307	*
chr13	14816940	14817069	130	*
chr13	15101600	15101709	110	*
chr13	15815818	15816244	427	*
chr13	16147093	16147440	348	*
chr1	34137473	34137841	369	*
chr13	16599666	16599834	169	*
chr13	16626405	16626584	180	*
chr13	18099520	18099733	214	*
chr13	18850074	18850301	228	*
chr14	523774	523875	102	*
chr14	3007627	3008192	566	*
chr1	35357588	35357740	153	*
chr14	4465322	4465494	173	*
chr14	4574894	4575340	447	*
chr14	5145440	5145628	189	*
chr14	5185102	5185383	282	*
chr1	35514055	35514207	153	*
chr1	35515960	35516210	251	*
chr1	35610560	35611762	1203	*
chr14	7902327	7902486	160	*
chr1	35914133	35914264	132	*
chr1	35915940	35916111	172	*
chr1	35921333	35921470	138	*
chr14	9198060	9198192	133	*
chr14	10371482	10371596	115	*
chr1	4817682	4817812	131	*
chr15	645790	645895	106	*
chr15	1685412	1685631	220	*
chr1	4820962	4821068	107	*
chr15	6480485	6480638	154	*
chr15	6520937	6521129	193	*
chr1	38279696	38279847	152	*
chr1	38291581	38291747	167	*
chr15	9719806	9720109	304	*
chr1	38311865	38311967	103	*
chr1	38827996	38828128	133	*
chr17	1374515	1374782	268	*
chr1	38999134	38999337	204	*
chr17	2470404	2470774	371	*
chr17	4358177	4359340	1164	*
chr1	4916321	4916422	102	*
chr17	5785068	5785179	112	*
chr17	7164142	7164360	219	*
chr1	39694413	39694642	230	*
chr1	39723772	39723922	151	*
chr17	7766062	7766293	232	*
chr17	8132882	8133151	270	*
chr17	10104085	10104336	252	*
chr1	4980423	4980557	135	*
chr18	7140848	7141320	473	*
chr18	7237419	7237962	544	*
chr18	7629988	7630165	178	*
chr18	10077378	10078555	1178	*
chr18	10400560	10400741	182	*
chr19	2774321	2774457	137	*
chr19	5064983	5065221	239	*
chr19	5345508	5345718	211	*
chr1	43450410	43450687	278	*
chr19	7433672	7433840	169	*
chr19	7535432	7535549	118	*
chr19	7538310	7538509	200	*
chr1	44067187	44067307	121	*
chr1	44429262	44430626	1365	*
chr2	1557981	1558120	140	*
chr2	2110507	2110715	209	*
chr2	2551911	2552404	494	*
chr1	44876671	44876826	156	*
chr1	44876984	44877239	256	*
chr2	3742895	3743057	163	*
chr2	3756598	3756744	147	*
chr2	4428033	4428157	125	*
chr2	4434895	4435020	126	*
chr2	4634010	4634210	201	*
chr2	4800230	4800414	185	*
chr2	5350256	5350391	136	*
chr2	5361324	5361435	112	*
chr2	5364040	5364147	108	*
chr2	5545776	5545897	122	*
chr2	5595144	5595566	423	*
chr2	5655346	5655515	170	*
chr2	5699020	5700163	1144	*
chr2	5813023	5813164	142	*
chr2	6392246	6392367	122	*
chr2	6426626	6426850	225	*
chr2	8680758	8680884	127	*
chr2	8685243	8685473	231	*
chr2	8760484	8761121	638	*
chr2	9703231	9703339	109	*
chr2	9715578	9715735	158	*
chr1	45798551	45798781	231	*
chr2	11465334	11465497	164	*
chr2	11825342	11825518	177	*
chr2	11830470	11830580	111	*
chr2	13014054	13014832	779	*
chr2	13093074	13093286	213	*
chr2	13386411	13386565	155	*
chr2	13947226	13947474	249	*
chr2	14003307	14004829	1523	*
chr2	14394601	14396416	1816	*
chr2	14405283	14405385	103	*
chr2	15314497	15315002	506	*
chr2	15315387	15315682	296	*
chr2	15935245	15935410	166	*
chr2	16083520	16083779	260	*
chr2	16498759	16498893	135	*
chr2	16757974	16758168	195	*
chr2	16929451	16929797	347	*
chr2	18196876	18196987	112	*
chr2	19617144	19617552	409	*
chr2	20349356	20349496	141	*
chr2	20368519	20368805	287	*
chr1	46757139	46757618	480	*
chr1	46764173	46764319	147	*
chr1	46909068	46909242	175	*
chr2	22970893	22971048	156	*
chr2	23591621	23591722	102	*
chr1	47089176	47089373	198	*
chr2	24926896	24927055	160	*
chr2	26048091	26048857	767	*
chr2	26053266	26053417	152	*
chr2	26069558	26069699	142	*
chr2	26075439	26075720	282	*
chr2	27335796	27335919	124	*
chr1	47375110	47375276	167	*
chr2	28053241	28053420	180	*
chr2	28400628	28401056	429	*
chr2	28502896	28503078	183	*
chr2	28520978	28521126	149	*
chr2	28525956	28526083	128	*
chr2	28972354	28972571	218	*
chr2	29303586	29303839	254	*
chr2	29328438	29328565	128	*
chr2	29566788	29566991	204	*
chr2	30976207	30976495	289	*
chr2	31158124	31158244	121	*
chr2	31185702	31185847	146	*
chr2	31464307	31464502	196	*
chr2	32200266	32200424	159	*
chr1	47709372	47709558	187	*
chr2	32582764	32583150	387	*
chr2	32591797	32592611	815	*
chr2	32622712	32623272	561	*
chr2	32624125	32624923	799	*
chr2	32626762	32627093	332	*
chr2	32635445	32635734	290	*
chr2	32652223	32652573	351	*
chr2	32665561	32666264	704	*
chr2	33999757	33999922	166	*
chr1	47811944	47812148	205	*
chr1	47829523	47830033	511	*
chr1	47844488	47844930	443	*
chr1	47845506	47845834	329	*
chr2	35192939	35193400	462	*
chr2	35780027	35780812	786	*
chr1	47994580	47994796	217	*
chr2	37152552	37152825	274	*
chr2	37174320	37174612	293	*
chr2	37209889	37210144	256	*
chr2	37781034	37781198	165	*
chr1	48071384	48071763	380	*
chr2	37809823	37809942	120	*
chr2	37810368	37810483	116	*
chr2	37824239	37824346	108	*
chr2	40125120	40125353	234	*
chr2	40403849	40404013	165	*
chr2	40451719	40451821	103	*
chr2	40480046	40480687	642	*
chr2	40797507	40797701	195	*
chr2	41086078	41086593	516	*
chr2	42774182	42774402	221	*
chr2	43400012	43400275	264	*
chr2	43402035	43402296	262	*
chr2	44268864	44269003	140	*
chr2	46334045	46334207	163	*
chr2	46874543	46874656	114	*
chr2	48860829	48860973	145	*
chr1	49100403	49100933	531	*
chr2	50700823	50701581	759	*
chr2	50704390	50704729	340	*
chr2	50710110	50710285	176	*
chr2	51149767	51149886	120	*
chr2	51831377	51831490	114	*
chr2	55545636	55545736	101	*
chr1	49562919	49563081	163	*
chr1	49614329	49614498	170	*
chr1	49642999	49644129	1131	*
chr1	49666060	49666378	319	*
chr2	61210552	61210740	189	*
chr2	61242215	61243243	1029	*
chr2	61247387	61247897	511	*
chr2	61930338	61930444	107	*
chr2	62095182	62095307	126	*
chr2	62301128	62301393	266	*
chr2	64651969	64652559	591	*
chr2	64671289	64671493	205	*
chr2	64703891	64704095	205	*
chr2	66459239	66459432	194	*
chr2	66468826	66468986	161	*
chr2	67796724	67796830	107	*
chr2	68606558	68606738	181	*
chr2	68611590	68611892	303	*
chr2	69055999	69056902	904	*
chr2	72171601	72171789	189	*
chr2	76224218	76224393	176	*
chr2	80718307	80718445	139	*
chr2	80852128	80852825	698	*
chr2	83528581	83528784	204	*
chr2	83803448	83803550	103	*
chr2	83804661	83804812	152	*
chr2	83817871	83818084	214	*
chr2	83835513	83835698	186	*
chr2	85808731	85808838	108	*
chr1	50600031	50600285	255	*
chr2	86610121	86610534	414	*
chr1	50633408	50634476	1069	*
chr2	89166387	89166574	188	*
chr2	89214255	89214447	193	*
chr2	89931356	89931569	214	*
chr2	89974907	89975012	106	*
chr2	89995604	89995719	116	*
chr2	90570592	90570711	120	*
chr1	50823061	50823212	152	*
chr1	50827361	50827577	217	*
chr2	92622583	92622714	132	*
chr1	50937688	50937806	119	*
chr1	50937962	50938120	159	*
chr2	93533414	93535175	1762	*
chr1	50993351	50993510	160	*
chr2	95507422	95507905	484	*
chr1	51012350	51012500	151	*
chr2	97450750	97450910	161	*
chr1	51056492	51056907	416	*
chr2	98537551	98538019	469	*
chr2	100970823	100970940	118	*
chr2	101027990	101028100	111	*
chr2	101928854	101928996	143	*
chr2	101929803	101930070	268	*
chr2	102100485	102101537	1053	*
chr2	102199241	102199342	102	*
chr2	104793699	104793874	176	*
chr2	104813294	104813572	279	*
chr2	106131701	106131847	147	*
chr2	107630966	107631185	220	*
chr2	108064815	108065706	892	*
chr2	109474965	109475165	201	*
chr2	109490953	109491311	359	*
chr1	51805520	51805733	214	*
chr1	51809867	51810080	214	*
chr2	110339729	110339881	153	*
chr1	51816527	51816629	103	*
chr1	51818053	51818270	218	*
chr1	51818694	51818806	113	*
chr2	111237694	111239224	1531	*
chr2	112259303	112259832	530	*
chr2	112844090	112844190	101	*
chr2	112945316	112945753	438	*
chr2	112967213	112967583	371	*
chr2	112986123	112986339	217	*
chr2	112994858	112995543	686	*
chr2	112998225	112998679	455	*
chr2	113000424	113000538	115	*
chr2	113001322	113003291	1970	*
chr2	113851169	113852792	1624	*
chr2	114797745	114797852	108	*
chr2	115145555	115145679	125	*
chr2	115154315	115154555	241	*
chr2	115178406	115179619	1214	*
chr2	115257877	115257984	108	*
chr2	117725455	117725663	209	*
chr2	117910310	117910473	164	*
chr2	118015401	118015717	317	*
chr2	118399658	118399830	173	*
chr2	118478336	118478718	383	*
chr1	6383846	6384065	220	*
chr1	52817041	52817160	120	*
chr1	52937332	52937641	310	*
chr1	52948968	52949171	204	*
chr1	53095155	53095366	212	*
chr2	122483691	122483890	200	*
chr2	122615412	122615516	105	*
chr2	122620617	122620890	274	*
chr2	123002199	123002345	147	*
chr2	123025249	123025419	171	*
chr2	123029918	123030050	133	*
chr2	123033676	123033780	105	*
chr2	123573288	123574598	1311	*
chr2	124950006	124951518	1513	*
chr2	124993048	124993301	254	*
chr1	6415651	6415822	172	*
chr1	53596470	53596680	211	*
chr1	53599177	53599496	320	*
chr2	128506269	128506475	207	*
chr2	128543261	128543366	106	*
chr2	128562661	128563008	348	*
chr2	128626589	128626752	164	*
chr1	53821123	53821235	113	*
chr2	129311266	129311472	207	*
chr1	53863434	53863768	335	*
chr2	132109352	132109503	152	*
chr2	135424299	135424435	137	*
chr2	136653604	136653774	171	*
chr2	136661099	136661208	110	*
chr2	136875311	136875413	103	*
chr2	137364265	137365055	791	*
chr2	138073346	138073552	207	*
chr2	138509683	138509801	119	*
chr2	138592705	138592923	219	*
chr1	6475643	6475787	145	*
chr2	141717929	141718443	515	*
chr1	6499274	6499654	381	*
chr2	145732549	145732765	217	*
chr1	6508443	6508726	284	*
chr20	1255256	1256568	1313	*
chr1	55285691	55285868	178	*
chr20	4691704	4692687	984	*
chr20	5087630	5087892	263	*
chr1	55581182	55581337	156	*
chr20	7637670	7638152	483	*
chr20	8227488	8227975	488	*
chr20	8435066	8435491	426	*
chr20	8707446	8708993	1548	*
chr20	13749973	13750119	147	*
chr1	56783127	56783481	355	*
chr21	1771000	1771759	760	*
chr21	1963875	1963985	111	*
chr1	56942966	56943091	126	*
chr1	56949736	56949959	224	*
chr1	57035246	57035662	417	*
chr21	5956697	5956807	111	*
chr21	6462549	6462667	119	*
chr22	692535	692707	173	*
chr1	58917593	58917766	174	*
chr1	58927265	58927426	162	*
chr23	1601178	1601462	285	*
chr23	1671586	1671720	135	*
chr1	58939388	58939550	163	*
chr23	3396741	3396940	200	*
chr23	3703364	3703503	140	*
chr1	59559347	59559516	170	*
chr24	177519	177713	195	*
chr24	5585476	5585603	128	*
chr24	5587137	5587238	102	*
chr26	560622	560798	177	*
chr1	60909198	60909493	296	*
chr1	60963631	60963834	204	*
chr26	3386165	3387283	1119	*
chr1	7300416	7300598	183	*
chr1	7301421	7301540	120	*
chr1	7305127	7305251	125	*
chr1	61662219	61662452	234	*
chr1	61750346	61750552	207	*
chr1	61751908	61752023	116	*
chr1	61755092	61755276	185	*
chr27	6204933	6205309	377	*
chr27	7310760	7310929	170	*
chr28	1034339	1034573	235	*
chr1	62440551	62440697	147	*
chr28	4282630	4282761	132	*
chr1	62911750	62911921	172	*
chr1	63104878	63105025	148	*
chr3	1878622	1879593	972	*
chr3	1879621	1880674	1054	*
chr3	1931344	1931791	448	*
chr3	2229757	2229893	137	*
chr3	2246022	2246123	102	*
chr3	2298998	2299160	163	*
chr3	2716159	2716539	381	*
chr3	2737523	2737841	319	*
chr3	2740099	2740224	126	*
chr3	2743208	2743340	133	*
chr3	2978297	2978553	257	*
chr3	3003446	3003581	136	*
chr3	7465722	7466113	392	*
chr3	8326579	8327106	528	*
chr3	8596162	8596374	213	*
chr3	9581079	9581231	153	*
chr3	10138928	10139109	182	*
chr3	10577294	10577436	143	*
chr3	10579914	10580023	110	*
chr3	11086654	11086819	166	*
chr3	12488853	12489117	265	*
chr3	14108200	14108462	263	*
chr3	14109351	14109529	179	*
chr3	15201561	15203110	1550	*
chr3	15442413	15442515	103	*
chr3	16047701	16048263	563	*
chr3	16480366	16480582	217	*
chr3	17228352	17228717	366	*
chr3	17241576	17241927	352	*
chr3	18122337	18122470	134	*
chr3	20419666	20419964	299	*
chr3	21407998	21408239	242	*
chr3	21413505	21413646	142	*
chr3	21420019	21422268	2250	*
chr1	1493669	1494071	403	*
chr3	25556416	25557298	883	*
chr3	25607944	25608376	433	*
chr3	25943675	25944163	489	*
chr3	26852838	26853010	173	*
chr3	26875214	26875324	111	*
chr3	26953263	26953380	118	*
chr3	27330545	27330686	142	*
chr3	27667399	27667509	111	*
chr3	29440636	29440752	117	*
chr3	30779535	30779740	206	*
chr3	30784559	30784764	206	*
chr3	30905990	30906104	115	*
chr1	66162368	66162485	118	*
chr1	66163333	66163513	181	*
chr3	31012653	31012773	121	*
chr1	1498688	1498827	140	*
chr3	31044721	31044886	166	*
chr3	31318376	31318508	133	*
chr3	32286908	32287082	175	*
chr3	32394963	32395173	211	*
chr3	33709456	33710022	567	*
chr3	33753305	33753409	105	*
chr3	33786039	33786161	123	*
chr3	33788051	33788219	169	*
chr3	33796136	33796277	142	*
chr3	35637346	35637538	193	*
chr3	36191616	36191747	132	*
chr3	36199531	36199721	191	*
chr3	37718905	37719078	174	*
chr3	37719996	37720181	186	*
chr3	37721959	37722108	150	*
chr3	37727712	37728013	302	*
chr3	37732214	37732331	118	*
chr3	37743704	37743805	102	*
chr3	37841546	37841933	388	*
chr3	37918289	37918876	588	*
chr3	41459187	41459431	245	*
chr1	67199925	67200095	171	*
chr3	44209224	44210588	1365	*
chr1	8039271	8039440	170	*
chr3	46986930	46987215	286	*
chr3	48345926	48346027	102	*
chr3	49234420	49234562	143	*
chr1	8044313	8044490	178	*
chr1	8051168	8051292	125	*
chr1	68281018	68281137	120	*
chr1	68419930	68420173	244	*
chr3	54060920	54061177	258	*
chr3	54104269	54104397	129	*
chr3	54236181	54236394	214	*
chr3	55223439	55223563	125	*
chr1	68544319	68544487	169	*
chr3	55789394	55789534	141	*
chr3	55789605	55789726	122	*
chr3	55797746	55797990	245	*
chr3	56340420	56340532	113	*
chr3	56340604	56340715	112	*
chr3	56486834	56486959	126	*
